// <auto-generated>
// Derived from the pinned official TerrariaServer 1.4.5.8 assembly by
// tools/ci/generate_item_placement_table.py. Do not edit by hand: regenerate from the probe and diff.
// </auto-generated>
using TerraRuntime.Contracts.Gameplay;

namespace TerraRuntime.Gameplay.Items;

/// <summary>
/// Every TerrariaServer 1.4.5.8 item that places a tile or a wall, with the fields placement needs:
/// <c>Item.createTile</c>, <c>Item.createWall</c>, <c>Item.placeStyle</c> and <c>Item.consumable</c>.
/// </summary>
/// <remarks>
/// <para>
/// This table exists because the hand-written definition catalog could only ever cover a handful of items, and
/// a server that refuses every placement it has not been told about individually cannot be built in. The values
/// come from running <c>Item.SetDefaults</c> over every id inside the pinned assembly, so they are the source's
/// own defaults rather than a transcription.
/// </para>
/// <para>
/// Layout: records sorted by item id, four little-endian <c>int16</c> each - id, createTile, createWall, and
/// placeStyle with the consumable flag in bit 15. A value of <c>-1</c> means the item does not place that kind.
/// No item in 1.4.5.8 places both a tile and a wall, and placeStyle never exceeds 315, which is what leaves
/// bit 15 free. Lookup is a binary search over the id field.
/// </para>
/// </remarks>
public static class VanillaItemPlacementTable1458
{
    /// <summary>Number of items in the table.</summary>
    public const int Count = 3523;

    /// <summary>Items that place a tile.</summary>
    public const int TilePlacingCount = 3231;

    /// <summary>Items that place a wall.</summary>
    public const int WallPlacingCount = 292;

    private const int RecordBytes = 8;

    private static ReadOnlySpan<byte> Records =>
    [
        0x02, 0x00, 0x00, 0x00, 0xFF, 0xFF, 0x00, 0x80, 0x03, 0x00, 0x01, 0x00, 0xFF, 0xFF, 0x00, 0x80,
        0x08, 0x00, 0x04, 0x00, 0xFF, 0xFF, 0x00, 0x80, 0x09, 0x00, 0x1E, 0x00, 0xFF, 0xFF, 0x00, 0x80,
        0x0B, 0x00, 0x06, 0x00, 0xFF, 0xFF, 0x00, 0x80, 0x0C, 0x00, 0x07, 0x00, 0xFF, 0xFF, 0x00, 0x80,
        0x0D, 0x00, 0x08, 0x00, 0xFF, 0xFF, 0x00, 0x80, 0x0E, 0x00, 0x09, 0x00, 0xFF, 0xFF, 0x00, 0x80,
        0x13, 0x00, 0xEF, 0x00, 0xFF, 0xFF, 0x06, 0x80, 0x14, 0x00, 0xEF, 0x00, 0xFF, 0xFF, 0x00, 0x80,
        0x15, 0x00, 0xEF, 0x00, 0xFF, 0xFF, 0x04, 0x80, 0x16, 0x00, 0xEF, 0x00, 0xFF, 0xFF, 0x02, 0x80,
        0x19, 0x00, 0x0A, 0x00, 0xFF, 0xFF, 0x00, 0x80, 0x1A, 0x00, 0xFF, 0xFF, 0x01, 0x00, 0x00, 0x80,
        0x1B, 0x00, 0x14, 0x00, 0xFF, 0xFF, 0x00, 0x80, 0x1E, 0x00, 0xFF, 0xFF, 0x10, 0x00, 0x00, 0x80,
        0x1F, 0x00, 0x0D, 0x00, 0xFF, 0xFF, 0x00, 0x80, 0x20, 0x00, 0x0E, 0x00, 0xFF, 0xFF, 0x00, 0x80,
        0x21, 0x00, 0x11, 0x00, 0xFF, 0xFF, 0x00, 0x80, 0x22, 0x00, 0x0F, 0x00, 0xFF, 0xFF, 0x00, 0x80,
        0x23, 0x00, 0x10, 0x00, 0xFF, 0xFF, 0x00, 0x80, 0x24, 0x00, 0x12, 0x00, 0xFF, 0xFF, 0x00, 0x80,
        0x30, 0x00, 0x15, 0x00, 0xFF, 0xFF, 0x00, 0x80, 0x34, 0x00, 0x69, 0x00, 0xFF, 0xFF, 0x01, 0x80,
        0x38, 0x00, 0x16, 0x00, 0xFF, 0xFF, 0x00, 0x80, 0x39, 0x00, 0xEF, 0x00, 0xFF, 0xFF, 0x08, 0x80,
        0x3B, 0x00, 0x17, 0x00, 0xFF, 0xFF, 0x00, 0x80, 0x3D, 0x00, 0x19, 0x00, 0xFF, 0xFF, 0x00, 0x80,
        0x3E, 0x00, 0x02, 0x00, 0xFF, 0xFF, 0x00, 0x80, 0x3F, 0x00, 0x1B, 0x00, 0xFF, 0xFF, 0x00, 0x80,
        0x47, 0x00, 0x4A, 0x01, 0xFF, 0xFF, 0x00, 0x80, 0x48, 0x00, 0x4B, 0x01, 0xFF, 0xFF, 0x00, 0x80,
        0x49, 0x00, 0x4C, 0x01, 0xFF, 0xFF, 0x00, 0x80, 0x4A, 0x00, 0x4D, 0x01, 0xFF, 0xFF, 0x00, 0x80,
        0x55, 0x00, 0xD6, 0x00, 0xFF, 0xFF, 0x00, 0x80, 0x57, 0x00, 0x1D, 0x00, 0xFF, 0xFF, 0x00, 0x80,
        0x5D, 0x00, 0xFF, 0xFF, 0x04, 0x00, 0x00, 0x80, 0x5E, 0x00, 0x13, 0x00, 0xFF, 0xFF, 0x00, 0x80,
        0x69, 0x00, 0x21, 0x00, 0xFF, 0xFF, 0x00, 0x80, 0x6A, 0x00, 0x22, 0x00, 0xFF, 0xFF, 0x00, 0x80,
        0x6B, 0x00, 0x22, 0x00, 0xFF, 0xFF, 0x01, 0x80, 0x6C, 0x00, 0x22, 0x00, 0xFF, 0xFF, 0x02, 0x80,
        0x74, 0x00, 0x25, 0x00, 0xFF, 0xFF, 0x00, 0x80, 0x75, 0x00, 0xEF, 0x00, 0xFF, 0xFF, 0x09, 0x80,
        0x81, 0x00, 0x26, 0x00, 0xFF, 0xFF, 0x00, 0x80, 0x82, 0x00, 0xFF, 0xFF, 0x05, 0x00, 0x00, 0x80,
        0x83, 0x00, 0x27, 0x00, 0xFF, 0xFF, 0x00, 0x80, 0x84, 0x00, 0xFF, 0xFF, 0x06, 0x00, 0x00, 0x80,
        0x85, 0x00, 0x28, 0x00, 0xFF, 0xFF, 0x00, 0x80, 0x86, 0x00, 0x29, 0x00, 0xFF, 0xFF, 0x00, 0x80,
        0x87, 0x00, 0xFF, 0xFF, 0x11, 0x00, 0x00, 0x80, 0x88, 0x00, 0x2A, 0x00, 0xFF, 0xFF, 0x00, 0x80,
        0x89, 0x00, 0x2B, 0x00, 0xFF, 0xFF, 0x00, 0x80, 0x8A, 0x00, 0xFF, 0xFF, 0x12, 0x00, 0x00, 0x80,
        0x8B, 0x00, 0x2C, 0x00, 0xFF, 0xFF, 0x00, 0x80, 0x8C, 0x00, 0xFF, 0xFF, 0x13, 0x00, 0x00, 0x80,
        0x8D, 0x00, 0x2D, 0x00, 0xFF, 0xFF, 0x00, 0x80, 0x8E, 0x00, 0xFF, 0xFF, 0x0A, 0x00, 0x00, 0x80,
        0x8F, 0x00, 0x2E, 0x00, 0xFF, 0xFF, 0x00, 0x80, 0x90, 0x00, 0xFF, 0xFF, 0x0B, 0x00, 0x00, 0x80,
        0x91, 0x00, 0x2F, 0x00, 0xFF, 0xFF, 0x00, 0x80, 0x92, 0x00, 0xFF, 0xFF, 0x0C, 0x00, 0x00, 0x80,
        0x93, 0x00, 0x30, 0x00, 0xFF, 0xFF, 0x00, 0x80, 0x94, 0x00, 0x31, 0x00, 0xFF, 0xFF, 0x00, 0x80,
        0x95, 0x00, 0x32, 0x00, 0xFF, 0xFF, 0x00, 0x80, 0x96, 0x00, 0x33, 0x00, 0xFF, 0xFF, 0x00, 0x80,
        0xA9, 0x00, 0x35, 0x00, 0xFF, 0xFF, 0x00, 0x80, 0xAA, 0x00, 0x36, 0x00, 0xFF, 0xFF, 0x00, 0x80,
        0xAB, 0x00, 0x37, 0x00, 0xFF, 0xFF, 0x00, 0x80, 0xAC, 0x00, 0x39, 0x00, 0xFF, 0xFF, 0x00, 0x80,
        0xAD, 0x00, 0x38, 0x00, 0xFF, 0xFF, 0x00, 0x80, 0xAE, 0x00, 0x3A, 0x00, 0xFF, 0xFF, 0x00, 0x80,
        0xAF, 0x00, 0xEF, 0x00, 0xFF, 0xFF, 0x0A, 0x80, 0xB0, 0x00, 0x3B, 0x00, 0xFF, 0xFF, 0x00, 0x80,
        0xB1, 0x00, 0xB2, 0x00, 0xFF, 0xFF, 0x02, 0x80, 0xB2, 0x00, 0xB2, 0x00, 0xFF, 0xFF, 0x04, 0x80,
        0xB3, 0x00, 0xB2, 0x00, 0xFF, 0xFF, 0x03, 0x80, 0xB4, 0x00, 0xB2, 0x00, 0xFF, 0xFF, 0x01, 0x80,
        0xB5, 0x00, 0xB2, 0x00, 0xFF, 0xFF, 0x00, 0x80, 0xB6, 0x00, 0xB2, 0x00, 0xFF, 0xFF, 0x05, 0x80,
        0xB7, 0x00, 0xBE, 0x00, 0xFF, 0xFF, 0x00, 0x80, 0xC0, 0x00, 0x4B, 0x00, 0xFF, 0xFF, 0x00, 0x80,
        0xC2, 0x00, 0x46, 0x00, 0xFF, 0xFF, 0x00, 0x80, 0xC3, 0x00, 0x3C, 0x00, 0xFF, 0xFF, 0x00, 0x80,
        0xD5, 0x00, 0x02, 0x00, 0xFF, 0xFF, 0x00, 0x00, 0xD6, 0x00, 0x4C, 0x00, 0xFF, 0xFF, 0x00, 0x80,
        0xDD, 0x00, 0x4D, 0x00, 0xFF, 0xFF, 0x00, 0x80, 0xDE, 0x00, 0x4E, 0x00, 0xFF, 0xFF, 0x00, 0x80,
        0xE0, 0x00, 0x4F, 0x00, 0xFF, 0xFF, 0x00, 0x80, 0xFA, 0x00, 0x1A, 0x01, 0xFF, 0xFF, 0x00, 0x80,
        0x05, 0x01, 0xD4, 0x02, 0xFF, 0xFF, 0x00, 0x80, 0x13, 0x01, 0x51, 0x00, 0xFF, 0xFF, 0x00, 0x80,
        0x14, 0x01, 0xBC, 0x00, 0xFF, 0xFF, 0x00, 0x80, 0x32, 0x01, 0x15, 0x00, 0xFF, 0xFF, 0x01, 0x80,
        0x33, 0x01, 0x52, 0x00, 0xFF, 0xFF, 0x00, 0x80, 0x34, 0x01, 0x52, 0x00, 0xFF, 0xFF, 0x01, 0x80,
        0x35, 0x01, 0x52, 0x00, 0xFF, 0xFF, 0x02, 0x80, 0x36, 0x01, 0x52, 0x00, 0xFF, 0xFF, 0x03, 0x80,
        0x37, 0x01, 0x52, 0x00, 0xFF, 0xFF, 0x04, 0x80, 0x38, 0x01, 0x52, 0x00, 0xFF, 0xFF, 0x05, 0x80,
        0x41, 0x01, 0x55, 0x00, 0xFF, 0xFF, 0x00, 0x80, 0x48, 0x01, 0x15, 0x00, 0xFF, 0xFF, 0x03, 0x80,
        0x4A, 0x01, 0xFF, 0xFF, 0x14, 0x00, 0x00, 0x80, 0x4C, 0x01, 0x56, 0x00, 0xFF, 0xFF, 0x00, 0x80,
        0x4D, 0x01, 0x57, 0x00, 0xFF, 0xFF, 0x00, 0x80, 0x4E, 0x01, 0x58, 0x00, 0xFF, 0xFF, 0x00, 0x80,
        0x4F, 0x01, 0x59, 0x00, 0xFF, 0xFF, 0x00, 0x80, 0x50, 0x01, 0x5A, 0x00, 0xFF, 0xFF, 0x00, 0x80,
        0x51, 0x01, 0x5B, 0x00, 0xFF, 0xFF, 0x00, 0x80, 0x52, 0x01, 0x5B, 0x00, 0xFF, 0xFF, 0x01, 0x80,
        0x53, 0x01, 0x5B, 0x00, 0xFF, 0xFF, 0x02, 0x80, 0x54, 0x01, 0x5B, 0x00, 0xFF, 0xFF, 0x03, 0x80,
        0x55, 0x01, 0x5C, 0x00, 0xFF, 0xFF, 0x00, 0x80, 0x56, 0x01, 0x5D, 0x00, 0xFF, 0xFF, 0x00, 0x80,
        0x57, 0x01, 0x15, 0x00, 0xFF, 0xFF, 0x05, 0x80, 0x58, 0x01, 0x5F, 0x00, 0xFF, 0xFF, 0x00, 0x80,
        0x59, 0x01, 0x60, 0x00, 0xFF, 0xFF, 0x00, 0x80, 0x5A, 0x01, 0x61, 0x00, 0xFF, 0xFF, 0x00, 0x80,
        0x5B, 0x01, 0x62, 0x00, 0xFF, 0xFF, 0x00, 0x80, 0x5C, 0x01, 0x15, 0x00, 0xFF, 0xFF, 0x06, 0x80,
        0x5D, 0x01, 0x64, 0x00, 0xFF, 0xFF, 0x00, 0x80, 0x5E, 0x01, 0x0D, 0x00, 0xFF, 0xFF, 0x03, 0x80,
        0x5F, 0x01, 0x0D, 0x00, 0xFF, 0xFF, 0x04, 0x80, 0x60, 0x01, 0x5E, 0x00, 0xFF, 0xFF, 0x00, 0x80,
        0x62, 0x01, 0x65, 0x00, 0xFF, 0xFF, 0x00, 0x80, 0x63, 0x01, 0x66, 0x00, 0xFF, 0xFF, 0x00, 0x80,
        0x64, 0x01, 0x67, 0x00, 0xFF, 0xFF, 0x00, 0x80, 0x66, 0x01, 0x0F, 0x00, 0xFF, 0xFF, 0x01, 0x80,
        0x67, 0x01, 0x68, 0x00, 0xFF, 0xFF, 0x00, 0x80, 0x68, 0x01, 0x69, 0x00, 0xFF, 0xFF, 0x00, 0x80,
        0x6B, 0x01, 0x6A, 0x00, 0xFF, 0xFF, 0x00, 0x80, 0x6C, 0x01, 0x6B, 0x00, 0xFF, 0xFF, 0x00, 0x80,
        0x6D, 0x01, 0x6C, 0x00, 0xFF, 0xFF, 0x00, 0x80, 0x6E, 0x01, 0x6F, 0x00, 0xFF, 0xFF, 0x00, 0x80,
        0x71, 0x01, 0x6D, 0x00, 0xFF, 0xFF, 0x00, 0x80, 0x72, 0x01, 0x70, 0x00, 0xFF, 0xFF, 0x00, 0x80,
        0x7D, 0x01, 0xEF, 0x00, 0xFF, 0xFF, 0x0B, 0x80, 0x7E, 0x01, 0xEF, 0x00, 0xFF, 0xFF, 0x0D, 0x80,
        0x87, 0x01, 0xEF, 0x00, 0xFF, 0xFF, 0x0F, 0x80, 0x88, 0x01, 0xFF, 0xFF, 0x15, 0x00, 0x00, 0x80,
        0x8E, 0x01, 0x72, 0x00, 0xFF, 0xFF, 0x00, 0x80, 0x98, 0x01, 0x74, 0x00, 0xFF, 0xFF, 0x00, 0x80,
        0x99, 0x01, 0x75, 0x00, 0xFF, 0xFF, 0x00, 0x80, 0x9C, 0x01, 0x76, 0x00, 0xFF, 0xFF, 0x00, 0x80,
        0x9D, 0x01, 0x77, 0x00, 0xFF, 0xFF, 0x00, 0x80, 0x9E, 0x01, 0x78, 0x00, 0xFF, 0xFF, 0x00, 0x80,
        0x9F, 0x01, 0x79, 0x00, 0xFF, 0xFF, 0x00, 0x80, 0xA0, 0x01, 0x7A, 0x00, 0xFF, 0xFF, 0x00, 0x80,
        0xA1, 0x01, 0xFF, 0xFF, 0x16, 0x00, 0x00, 0x80, 0xA2, 0x01, 0xFF, 0xFF, 0x17, 0x00, 0x00, 0x80,
        0xA3, 0x01, 0xFF, 0xFF, 0x18, 0x00, 0x00, 0x80, 0xA4, 0x01, 0xFF, 0xFF, 0x19, 0x00, 0x00, 0x80,
        0xA5, 0x01, 0xFF, 0xFF, 0x1A, 0x00, 0x00, 0x80, 0xA8, 0x01, 0x7B, 0x00, 0xFF, 0xFF, 0x00, 0x80,
        0xAB, 0x01, 0x04, 0x00, 0xFF, 0xFF, 0x01, 0x80, 0xAC, 0x01, 0x04, 0x00, 0xFF, 0xFF, 0x02, 0x80,
        0xAD, 0x01, 0x04, 0x00, 0xFF, 0xFF, 0x03, 0x80, 0xAE, 0x01, 0x04, 0x00, 0xFF, 0xFF, 0x04, 0x80,
        0xAF, 0x01, 0x04, 0x00, 0xFF, 0xFF, 0x05, 0x80, 0xB0, 0x01, 0x04, 0x00, 0xFF, 0xFF, 0x06, 0x80,
        0xB1, 0x01, 0x04, 0x00, 0xFF, 0xFF, 0x07, 0x80, 0xB6, 0x01, 0x69, 0x00, 0xFF, 0xFF, 0x02, 0x80,
        0xB7, 0x01, 0x69, 0x00, 0xFF, 0xFF, 0x03, 0x80, 0xB8, 0x01, 0x69, 0x00, 0xFF, 0xFF, 0x04, 0x80,
        0xB9, 0x01, 0x69, 0x00, 0xFF, 0xFF, 0x05, 0x80, 0xBA, 0x01, 0x69, 0x00, 0xFF, 0xFF, 0x06, 0x80,
        0xBB, 0x01, 0x69, 0x00, 0xFF, 0xFF, 0x07, 0x80, 0xBC, 0x01, 0x69, 0x00, 0xFF, 0xFF, 0x08, 0x80,
        0xBD, 0x01, 0x69, 0x00, 0xFF, 0xFF, 0x09, 0x80, 0xBE, 0x01, 0x69, 0x00, 0xFF, 0xFF, 0x0A, 0x80,
        0xBF, 0x01, 0x69, 0x00, 0xFF, 0xFF, 0x0B, 0x80, 0xC0, 0x01, 0x69, 0x00, 0xFF, 0xFF, 0x0C, 0x80,
        0xC1, 0x01, 0x69, 0x00, 0xFF, 0xFF, 0x0D, 0x80, 0xC2, 0x01, 0x69, 0x00, 0xFF, 0xFF, 0x0E, 0x80,
        0xC3, 0x01, 0x69, 0x00, 0xFF, 0xFF, 0x0F, 0x80, 0xC4, 0x01, 0x69, 0x00, 0xFF, 0xFF, 0x10, 0x80,
        0xC5, 0x01, 0x69, 0x00, 0xFF, 0xFF, 0x11, 0x80, 0xC6, 0x01, 0x69, 0x00, 0xFF, 0xFF, 0x12, 0x80,
        0xC7, 0x01, 0x69, 0x00, 0xFF, 0xFF, 0x13, 0x80, 0xC8, 0x01, 0x69, 0x00, 0xFF, 0xFF, 0x14, 0x80,
        0xC9, 0x01, 0x69, 0x00, 0xFF, 0xFF, 0x15, 0x80, 0xCA, 0x01, 0x69, 0x00, 0xFF, 0xFF, 0x16, 0x80,
        0xCB, 0x01, 0x69, 0x00, 0xFF, 0xFF, 0x17, 0x80, 0xCC, 0x01, 0x69, 0x00, 0xFF, 0xFF, 0x18, 0x80,
        0xCD, 0x01, 0x69, 0x00, 0xFF, 0xFF, 0x19, 0x80, 0xCE, 0x01, 0x69, 0x00, 0xFF, 0xFF, 0x1A, 0x80,
        0xCF, 0x01, 0x69, 0x00, 0xFF, 0xFF, 0x1B, 0x80, 0xD0, 0x01, 0x69, 0x00, 0xFF, 0xFF, 0x1C, 0x80,
        0xD1, 0x01, 0x69, 0x00, 0xFF, 0xFF, 0x1D, 0x80, 0xD2, 0x01, 0x69, 0x00, 0xFF, 0xFF, 0x1E, 0x80,
        0xD3, 0x01, 0x69, 0x00, 0xFF, 0xFF, 0x1F, 0x80, 0xD4, 0x01, 0x69, 0x00, 0xFF, 0xFF, 0x20, 0x80,
        0xD5, 0x01, 0x69, 0x00, 0xFF, 0xFF, 0x21, 0x80, 0xD6, 0x01, 0x5D, 0x01, 0xFF, 0xFF, 0x00, 0x80,
        0xD7, 0x01, 0x69, 0x00, 0xFF, 0xFF, 0x23, 0x80, 0xD8, 0x01, 0x69, 0x00, 0xFF, 0xFF, 0x24, 0x80,
        0xD9, 0x01, 0x69, 0x00, 0xFF, 0xFF, 0x25, 0x80, 0xDA, 0x01, 0x69, 0x00, 0xFF, 0xFF, 0x26, 0x80,
        0xDB, 0x01, 0x69, 0x00, 0xFF, 0xFF, 0x27, 0x80, 0xDC, 0x01, 0x69, 0x00, 0xFF, 0xFF, 0x28, 0x80,
        0xDD, 0x01, 0x69, 0x00, 0xFF, 0xFF, 0x29, 0x80, 0xDE, 0x01, 0x69, 0x00, 0xFF, 0xFF, 0x2A, 0x80,
        0xDF, 0x01, 0xFF, 0xFF, 0x1B, 0x00, 0x00, 0x80, 0xE0, 0x01, 0x7C, 0x00, 0xFF, 0xFF, 0x00, 0x80,
        0xE7, 0x01, 0x7D, 0x00, 0xFF, 0xFF, 0x00, 0x80, 0xE8, 0x01, 0x7E, 0x00, 0xFF, 0xFF, 0x00, 0x80,
        0xF2, 0x01, 0xD6, 0x01, 0xFF, 0xFF, 0x00, 0x80, 0xF6, 0x01, 0x81, 0x00, 0xFF, 0xFF, 0x00, 0x80,
        0xFF, 0x01, 0x82, 0x00, 0xFF, 0xFF, 0x00, 0x80, 0x00, 0x02, 0x83, 0x00, 0xFF, 0xFF, 0x00, 0x80,
        0x01, 0x02, 0x84, 0x00, 0xFF, 0xFF, 0x00, 0x80, 0x0B, 0x02, 0x04, 0x00, 0xFF, 0xFF, 0x08, 0x80,
        0x0C, 0x02, 0x85, 0x00, 0xFF, 0xFF, 0x00, 0x80, 0x0D, 0x02, 0x86, 0x00, 0xFF, 0xFF, 0x00, 0x80,
        0x11, 0x02, 0x87, 0x00, 0xFF, 0xFF, 0x00, 0x80, 0x1A, 0x02, 0x88, 0x00, 0xFF, 0xFF, 0x00, 0x80,
        0x1B, 0x02, 0x89, 0x00, 0xFF, 0xFF, 0x00, 0x80, 0x1C, 0x02, 0x8A, 0x00, 0xFF, 0xFF, 0x00, 0x80,
        0x1D, 0x02, 0x87, 0x00, 0xFF, 0xFF, 0x01, 0x80, 0x1E, 0x02, 0x87, 0x00, 0xFF, 0xFF, 0x02, 0x80,
        0x1F, 0x02, 0x87, 0x00, 0xFF, 0xFF, 0x03, 0x80, 0x32, 0x02, 0x8B, 0x00, 0xFF, 0xFF, 0x00, 0x80,
        0x33, 0x02, 0x8B, 0x00, 0xFF, 0xFF, 0x01, 0x80, 0x34, 0x02, 0x8B, 0x00, 0xFF, 0xFF, 0x02, 0x80,
        0x35, 0x02, 0x8B, 0x00, 0xFF, 0xFF, 0x03, 0x80, 0x36, 0x02, 0x8B, 0x00, 0xFF, 0xFF, 0x04, 0x80,
        0x37, 0x02, 0x8B, 0x00, 0xFF, 0xFF, 0x05, 0x80, 0x38, 0x02, 0x8B, 0x00, 0xFF, 0xFF, 0x06, 0x80,
        0x39, 0x02, 0x8B, 0x00, 0xFF, 0xFF, 0x07, 0x80, 0x3A, 0x02, 0x8B, 0x00, 0xFF, 0xFF, 0x08, 0x80,
        0x3B, 0x02, 0x8B, 0x00, 0xFF, 0xFF, 0x09, 0x80, 0x3C, 0x02, 0x8B, 0x00, 0xFF, 0xFF, 0x0A, 0x80,
        0x3D, 0x02, 0x8B, 0x00, 0xFF, 0xFF, 0x0B, 0x80, 0x3E, 0x02, 0x8B, 0x00, 0xFF, 0xFF, 0x0C, 0x80,
        0x41, 0x02, 0x8C, 0x00, 0xFF, 0xFF, 0x00, 0x80, 0x44, 0x02, 0x8D, 0x00, 0xFF, 0xFF, 0x00, 0x80,
        0x45, 0x02, 0x8E, 0x00, 0xFF, 0xFF, 0x00, 0x80, 0x46, 0x02, 0x8F, 0x00, 0xFF, 0xFF, 0x00, 0x80,
        0x47, 0x02, 0x90, 0x00, 0xFF, 0xFF, 0x00, 0x80, 0x48, 0x02, 0x90, 0x00, 0xFF, 0xFF, 0x01, 0x80,
        0x49, 0x02, 0x90, 0x00, 0xFF, 0xFF, 0x02, 0x80, 0x4A, 0x02, 0x91, 0x00, 0xFF, 0xFF, 0x00, 0x80,
        0x4B, 0x02, 0xFF, 0xFF, 0x1D, 0x00, 0x00, 0x80, 0x4F, 0x02, 0x92, 0x00, 0xFF, 0xFF, 0x00, 0x80,
        0x50, 0x02, 0xFF, 0xFF, 0x1E, 0x00, 0x00, 0x80, 0x51, 0x02, 0x93, 0x00, 0xFF, 0xFF, 0x00, 0x80,
        0x52, 0x02, 0x94, 0x00, 0xFF, 0xFF, 0x00, 0x80, 0x53, 0x02, 0xFF, 0xFF, 0x1F, 0x00, 0x00, 0x80,
        0x54, 0x02, 0x95, 0x00, 0xFF, 0xFF, 0x00, 0x80, 0x55, 0x02, 0x95, 0x00, 0xFF, 0xFF, 0x01, 0x80,
        0x56, 0x02, 0x95, 0x00, 0xFF, 0xFF, 0x02, 0x80, 0x5C, 0x02, 0x96, 0x00, 0xFF, 0xFF, 0x00, 0x80,
        0x5D, 0x02, 0xFF, 0xFF, 0x20, 0x00, 0x00, 0x80, 0x5E, 0x02, 0xFF, 0xFF, 0x21, 0x00, 0x00, 0x80,
        0x5F, 0x02, 0x97, 0x00, 0xFF, 0xFF, 0x00, 0x80, 0x60, 0x02, 0xFF, 0xFF, 0x22, 0x00, 0x00, 0x80,
        0x61, 0x02, 0x98, 0x00, 0xFF, 0xFF, 0x00, 0x80, 0x62, 0x02, 0xFF, 0xFF, 0x23, 0x00, 0x00, 0x80,
        0x63, 0x02, 0x99, 0x00, 0xFF, 0xFF, 0x00, 0x80, 0x64, 0x02, 0x9A, 0x00, 0xFF, 0xFF, 0x00, 0x80,
        0x65, 0x02, 0x9B, 0x00, 0xFF, 0xFF, 0x00, 0x80, 0x66, 0x02, 0x9C, 0x00, 0xFF, 0xFF, 0x00, 0x80,
        0x67, 0x02, 0xFF, 0xFF, 0x24, 0x00, 0x00, 0x80, 0x68, 0x02, 0xFF, 0xFF, 0x25, 0x00, 0x00, 0x80,
        0x69, 0x02, 0xFF, 0xFF, 0x26, 0x00, 0x00, 0x80, 0x6A, 0x02, 0xFF, 0xFF, 0x27, 0x00, 0x00, 0x80,
        0x6B, 0x02, 0x9D, 0x00, 0xFF, 0xFF, 0x00, 0x80, 0x6C, 0x02, 0x9E, 0x00, 0xFF, 0xFF, 0x00, 0x80,
        0x6D, 0x02, 0x9F, 0x00, 0xFF, 0xFF, 0x00, 0x80, 0x6E, 0x02, 0xFF, 0xFF, 0x29, 0x00, 0x00, 0x80,
        0x6F, 0x02, 0xFF, 0xFF, 0x2A, 0x00, 0x00, 0x80, 0x70, 0x02, 0xFF, 0xFF, 0x2B, 0x00, 0x00, 0x80,
        0x71, 0x02, 0x15, 0x00, 0xFF, 0xFF, 0x07, 0x80, 0x72, 0x02, 0x15, 0x00, 0xFF, 0xFF, 0x08, 0x80,
        0x73, 0x02, 0x15, 0x00, 0xFF, 0xFF, 0x09, 0x80, 0x74, 0x02, 0x0F, 0x00, 0xFF, 0xFF, 0x02, 0x80,
        0x75, 0x02, 0x0F, 0x00, 0xFF, 0xFF, 0x03, 0x80, 0x76, 0x02, 0x0F, 0x00, 0xFF, 0xFF, 0x04, 0x80,
        0x77, 0x02, 0x13, 0x00, 0xFF, 0xFF, 0x01, 0x80, 0x78, 0x02, 0x13, 0x00, 0xFF, 0xFF, 0x02, 0x80,
        0x79, 0x02, 0x13, 0x00, 0xFF, 0xFF, 0x03, 0x80, 0x7A, 0x02, 0x13, 0x00, 0xFF, 0xFF, 0x04, 0x80,
        0x7B, 0x02, 0x12, 0x00, 0xFF, 0xFF, 0x01, 0x80, 0x7C, 0x02, 0x12, 0x00, 0xFF, 0xFF, 0x02, 0x80,
        0x7D, 0x02, 0x12, 0x00, 0xFF, 0xFF, 0x03, 0x80, 0x7E, 0x02, 0x0E, 0x00, 0xFF, 0xFF, 0x01, 0x80,
        0x7F, 0x02, 0x0E, 0x00, 0xFF, 0xFF, 0x02, 0x80, 0x80, 0x02, 0x0E, 0x00, 0xFF, 0xFF, 0x03, 0x80,
        0x81, 0x02, 0x57, 0x00, 0xFF, 0xFF, 0x01, 0x80, 0x82, 0x02, 0x57, 0x00, 0xFF, 0xFF, 0x02, 0x80,
        0x83, 0x02, 0x57, 0x00, 0xFF, 0xFF, 0x03, 0x80, 0x84, 0x02, 0x4F, 0x00, 0xFF, 0xFF, 0x01, 0x80,
        0x85, 0x02, 0x4F, 0x00, 0xFF, 0xFF, 0x02, 0x80, 0x86, 0x02, 0x4F, 0x00, 0xFF, 0xFF, 0x03, 0x80,
        0x87, 0x02, 0x58, 0x00, 0xFF, 0xFF, 0x01, 0x80, 0x88, 0x02, 0x58, 0x00, 0xFF, 0xFF, 0x02, 0x80,
        0x89, 0x02, 0x58, 0x00, 0xFF, 0xFF, 0x03, 0x80, 0x8A, 0x02, 0x0A, 0x00, 0xFF, 0xFF, 0x01, 0x80,
        0x8B, 0x02, 0x0A, 0x00, 0xFF, 0xFF, 0x02, 0x80, 0x8C, 0x02, 0x0A, 0x00, 0xFF, 0xFF, 0x03, 0x80,
        0x96, 0x02, 0xA0, 0x00, 0xFF, 0xFF, 0x00, 0x80, 0x97, 0x02, 0xFF, 0xFF, 0x2C, 0x00, 0x00, 0x80,
        0x98, 0x02, 0xA1, 0x00, 0xFF, 0xFF, 0x00, 0x80, 0xA1, 0x02, 0x12, 0x00, 0xFF, 0xFF, 0x17, 0x80,
        0xA5, 0x02, 0x0E, 0x00, 0xFF, 0xFF, 0x1C, 0x80, 0xA8, 0x02, 0x15, 0x00, 0xFF, 0xFF, 0x0A, 0x80,
        0xA9, 0x02, 0x15, 0x00, 0xFF, 0xFF, 0x0B, 0x80, 0xBB, 0x02, 0xA6, 0x00, 0xFF, 0xFF, 0x00, 0x80,
        0xBC, 0x02, 0xA7, 0x00, 0xFF, 0xFF, 0x00, 0x80, 0xBD, 0x02, 0xA8, 0x00, 0xFF, 0xFF, 0x00, 0x80,
        0xBE, 0x02, 0xA9, 0x00, 0xFF, 0xFF, 0x00, 0x80, 0xBF, 0x02, 0xEF, 0x00, 0xFF, 0xFF, 0x01, 0x80,
        0xC0, 0x02, 0xEF, 0x00, 0xFF, 0xFF, 0x03, 0x80, 0xC1, 0x02, 0xEF, 0x00, 0xFF, 0xFF, 0x05, 0x80,
        0xC2, 0x02, 0xEF, 0x00, 0xFF, 0xFF, 0x07, 0x80, 0xC6, 0x02, 0x22, 0x00, 0xFF, 0xFF, 0x03, 0x80,
        0xC7, 0x02, 0x22, 0x00, 0xFF, 0xFF, 0x04, 0x80, 0xC8, 0x02, 0x22, 0x00, 0xFF, 0xFF, 0x05, 0x80,
        0xC9, 0x02, 0xAE, 0x00, 0xFF, 0xFF, 0x00, 0x80, 0xCA, 0x02, 0xAD, 0x00, 0xFF, 0xFF, 0x00, 0x80,
        0xCC, 0x02, 0x10, 0x00, 0xFF, 0xFF, 0x01, 0x80, 0xCD, 0x02, 0xAF, 0x00, 0xFF, 0xFF, 0x00, 0x80,
        0xCE, 0x02, 0xB0, 0x00, 0xFF, 0xFF, 0x00, 0x80, 0xCF, 0x02, 0xB1, 0x00, 0xFF, 0xFF, 0x00, 0x80,
        0xD0, 0x02, 0xFF, 0xFF, 0x2D, 0x00, 0x00, 0x80, 0xD1, 0x02, 0xFF, 0xFF, 0x2E, 0x00, 0x00, 0x80,
        0xD2, 0x02, 0xFF, 0xFF, 0x2F, 0x00, 0x00, 0x80, 0xE9, 0x02, 0xFF, 0xFF, 0x42, 0x00, 0x00, 0x80,
        0xEA, 0x02, 0xFF, 0xFF, 0x43, 0x00, 0x00, 0x80, 0xEB, 0x02, 0xFF, 0xFF, 0x44, 0x00, 0x00, 0x80,
        0xEE, 0x02, 0xFF, 0xFF, 0x48, 0x00, 0x00, 0x80, 0xEF, 0x02, 0xBD, 0x00, 0xFF, 0xFF, 0x00, 0x80,
        0xF0, 0x02, 0xFF, 0xFF, 0x49, 0x00, 0x00, 0x80, 0xFA, 0x02, 0xC1, 0x00, 0xFF, 0xFF, 0x00, 0x80,
        0xFB, 0x02, 0xC3, 0x00, 0xFF, 0xFF, 0x00, 0x80, 0xFC, 0x02, 0xFF, 0xFF, 0x4A, 0x00, 0x00, 0x80,
        0xFD, 0x02, 0xC4, 0x00, 0xFF, 0xFF, 0x00, 0x80, 0xFE, 0x02, 0xC2, 0x00, 0xFF, 0xFF, 0x00, 0x80,
        0xFF, 0x02, 0xC5, 0x00, 0xFF, 0xFF, 0x00, 0x80, 0x00, 0x03, 0xFF, 0xFF, 0x4B, 0x00, 0x00, 0x80,
        0x01, 0x03, 0xFF, 0xFF, 0x4C, 0x00, 0x00, 0x80, 0x02, 0x03, 0xFF, 0xFF, 0x4D, 0x00, 0x00, 0x80,
        0x07, 0x03, 0xC6, 0x00, 0xFF, 0xFF, 0x00, 0x80, 0x15, 0x03, 0x5B, 0x00, 0xFF, 0xFF, 0x04, 0x80,
        0x16, 0x03, 0x5B, 0x00, 0xFF, 0xFF, 0x05, 0x80, 0x17, 0x03, 0x5B, 0x00, 0xFF, 0xFF, 0x06, 0x80,
        0x26, 0x03, 0x0F, 0x00, 0xFF, 0xFF, 0x05, 0x80, 0x27, 0x03, 0x0F, 0x00, 0xFF, 0xFF, 0x06, 0x80,
        0x28, 0x03, 0x0F, 0x00, 0xFF, 0xFF, 0x07, 0x80, 0x29, 0x03, 0x0F, 0x00, 0xFF, 0xFF, 0x08, 0x80,
        0x2A, 0x03, 0x0F, 0x00, 0xFF, 0xFF, 0x09, 0x80, 0x2B, 0x03, 0x12, 0x00, 0xFF, 0xFF, 0x04, 0x80,
        0x2C, 0x03, 0x12, 0x00, 0xFF, 0xFF, 0x05, 0x80, 0x2D, 0x03, 0x12, 0x00, 0xFF, 0xFF, 0x06, 0x80,
        0x2E, 0x03, 0x12, 0x00, 0xFF, 0xFF, 0x07, 0x80, 0x2F, 0x03, 0x12, 0x00, 0xFF, 0xFF, 0x08, 0x80,
        0x30, 0x03, 0x0A, 0x00, 0xFF, 0xFF, 0x04, 0x80, 0x31, 0x03, 0x0A, 0x00, 0xFF, 0xFF, 0x05, 0x80,
        0x32, 0x03, 0x0A, 0x00, 0xFF, 0xFF, 0x06, 0x80, 0x33, 0x03, 0x0A, 0x00, 0xFF, 0xFF, 0x07, 0x80,
        0x34, 0x03, 0x0A, 0x00, 0xFF, 0xFF, 0x08, 0x80, 0x38, 0x03, 0xCA, 0x00, 0xFF, 0xFF, 0x00, 0x80,
        0x39, 0x03, 0xFF, 0xFF, 0x52, 0x00, 0x00, 0x80, 0x3A, 0x03, 0x0F, 0x00, 0xFF, 0xFF, 0x0A, 0x80,
        0x3B, 0x03, 0x0E, 0x00, 0xFF, 0xFF, 0x04, 0x80, 0x3C, 0x03, 0x0E, 0x00, 0xFF, 0xFF, 0x05, 0x80,
        0x3D, 0x03, 0x0E, 0x00, 0xFF, 0xFF, 0x06, 0x80, 0x3E, 0x03, 0x0E, 0x00, 0xFF, 0xFF, 0x07, 0x80,
        0x3F, 0x03, 0x15, 0x00, 0xFF, 0xFF, 0x0C, 0x80, 0x40, 0x03, 0xBF, 0x00, 0xFF, 0xFF, 0x00, 0x00,
        0x41, 0x03, 0xA3, 0x00, 0xFF, 0xFF, 0x00, 0x80, 0x42, 0x03, 0xA4, 0x00, 0xFF, 0xFF, 0x00, 0x80,
        0x43, 0x03, 0xC8, 0x00, 0xFF, 0xFF, 0x00, 0x80, 0x44, 0x03, 0xCB, 0x00, 0xFF, 0xFF, 0x00, 0x80,
        0x45, 0x03, 0x0A, 0x00, 0xFF, 0xFF, 0x09, 0x80, 0x46, 0x03, 0x15, 0x00, 0xFF, 0xFF, 0x0D, 0x80,
        0x4D, 0x03, 0x5B, 0x00, 0xFF, 0xFF, 0x07, 0x80, 0x4E, 0x03, 0x5B, 0x00, 0xFF, 0xFF, 0x08, 0x80,
        0x4F, 0x03, 0x5B, 0x00, 0xFF, 0xFF, 0x09, 0x80, 0x54, 0x03, 0x87, 0x00, 0xFF, 0xFF, 0x04, 0x80,
        0x55, 0x03, 0x87, 0x00, 0xFF, 0xFF, 0x05, 0x80, 0x5A, 0x03, 0x59, 0x00, 0xFF, 0xFF, 0x18, 0x80,
        0x70, 0x03, 0xCC, 0x00, 0xFF, 0xFF, 0x00, 0x80, 0x73, 0x03, 0xCE, 0x00, 0xFF, 0xFF, 0x00, 0x80,
        0x74, 0x03, 0xFF, 0xFF, 0x54, 0x00, 0x00, 0x80, 0x8D, 0x03, 0xCF, 0x00, 0xFF, 0xFF, 0x00, 0x80,
        0x8E, 0x03, 0xCF, 0x00, 0xFF, 0xFF, 0x01, 0x80, 0x8F, 0x03, 0xD0, 0x00, 0xFF, 0xFF, 0x00, 0x80,
        0x90, 0x03, 0x0A, 0x00, 0xFF, 0xFF, 0x0A, 0x80, 0x91, 0x03, 0x13, 0x00, 0xFF, 0xFF, 0x05, 0x80,
        0x92, 0x03, 0x15, 0x00, 0xFF, 0xFF, 0x0E, 0x80, 0x93, 0x03, 0x0F, 0x00, 0xFF, 0xFF, 0x0B, 0x80,
        0x94, 0x03, 0x12, 0x00, 0xFF, 0xFF, 0x09, 0x80, 0x95, 0x03, 0x0E, 0x00, 0xFF, 0xFF, 0x08, 0x80,
        0x96, 0x03, 0x58, 0x00, 0xFF, 0xFF, 0x04, 0x80, 0x97, 0x03, 0x57, 0x00, 0xFF, 0xFF, 0x04, 0x80,
        0x98, 0x03, 0x4F, 0x00, 0xFF, 0xFF, 0x04, 0x80, 0x9F, 0x03, 0xFF, 0xFF, 0x55, 0x00, 0x00, 0x80,
        0xA0, 0x03, 0xD1, 0x00, 0xFF, 0xFF, 0x00, 0x80, 0xA1, 0x03, 0xD6, 0x02, 0xFF, 0xFF, 0x00, 0x80,
        0xA4, 0x03, 0xC2, 0x00, 0xFF, 0xFF, 0x00, 0x00, 0xA5, 0x03, 0xC0, 0x00, 0xFF, 0xFF, 0x00, 0x00,
        0xA9, 0x03, 0xD2, 0x00, 0xFF, 0xFF, 0x00, 0x80, 0xAC, 0x03, 0xCF, 0x00, 0xFF, 0xFF, 0x02, 0x80,
        0xAD, 0x03, 0xCF, 0x00, 0xFF, 0xFF, 0x03, 0x80, 0xAE, 0x03, 0xCF, 0x00, 0xFF, 0xFF, 0x04, 0x80,
        0xAF, 0x03, 0xCF, 0x00, 0xFF, 0xFF, 0x05, 0x80, 0xB0, 0x03, 0xCF, 0x00, 0xFF, 0xFF, 0x06, 0x80,
        0xB1, 0x03, 0xCF, 0x00, 0xFF, 0xFF, 0x07, 0x80, 0xB3, 0x03, 0xD3, 0x00, 0xFF, 0xFF, 0x00, 0x80,
        0xB7, 0x03, 0xD4, 0x00, 0xFF, 0xFF, 0x00, 0x80, 0xB8, 0x03, 0x15, 0x00, 0xFF, 0xFF, 0x0F, 0x80,
        0xC5, 0x03, 0xD5, 0x00, 0xFF, 0xFF, 0x00, 0x80, 0xC6, 0x03, 0xD7, 0x00, 0xFF, 0xFF, 0x00, 0x80,
        0xCA, 0x03, 0xD8, 0x00, 0xFF, 0xFF, 0x00, 0x80, 0xCB, 0x03, 0xD8, 0x00, 0xFF, 0xFF, 0x01, 0x80,
        0xCC, 0x03, 0xD8, 0x00, 0xFF, 0xFF, 0x02, 0x80, 0xCD, 0x03, 0xD8, 0x00, 0xFF, 0xFF, 0x03, 0x80,
        0xCE, 0x03, 0x04, 0x00, 0xFF, 0xFF, 0x09, 0x80, 0xE3, 0x03, 0xD9, 0x00, 0xFF, 0xFF, 0x00, 0x80,
        0xE4, 0x03, 0xDA, 0x00, 0xFF, 0xFF, 0x00, 0x80, 0xE5, 0x03, 0xDB, 0x00, 0xFF, 0xFF, 0x00, 0x80,
        0xE6, 0x03, 0xDC, 0x00, 0xFF, 0xFF, 0x00, 0x80, 0xE7, 0x03, 0xB2, 0x00, 0xFF, 0xFF, 0x06, 0x80,
        0xEE, 0x03, 0xEF, 0x00, 0xFF, 0xFF, 0x11, 0x80, 0x4D, 0x04, 0xE2, 0x00, 0xFF, 0xFF, 0x00, 0x80,
        0x4E, 0x04, 0xFF, 0xFF, 0x70, 0x00, 0x00, 0x80, 0x4F, 0x04, 0xE0, 0x00, 0xFF, 0xFF, 0x00, 0x80,
        0x50, 0x04, 0xDD, 0x00, 0xFF, 0xFF, 0x00, 0x80, 0x51, 0x04, 0xDE, 0x00, 0xFF, 0xFF, 0x00, 0x80,
        0x52, 0x04, 0xDF, 0x00, 0xFF, 0xFF, 0x00, 0x80, 0x53, 0x04, 0xE3, 0x00, 0xFF, 0xFF, 0x00, 0x80,
        0x54, 0x04, 0xE3, 0x00, 0xFF, 0xFF, 0x01, 0x80, 0x55, 0x04, 0xE3, 0x00, 0xFF, 0xFF, 0x02, 0x80,
        0x56, 0x04, 0xE3, 0x00, 0xFF, 0xFF, 0x03, 0x80, 0x57, 0x04, 0xE3, 0x00, 0xFF, 0xFF, 0x04, 0x80,
        0x58, 0x04, 0xE3, 0x00, 0xFF, 0xFF, 0x05, 0x80, 0x5A, 0x04, 0xE3, 0x00, 0xFF, 0xFF, 0x07, 0x80,
        0x60, 0x04, 0xE4, 0x00, 0xFF, 0xFF, 0x00, 0x80, 0x65, 0x04, 0xE5, 0x00, 0xFF, 0xFF, 0x00, 0x80,
        0x66, 0x04, 0xFF, 0xFF, 0x6C, 0x00, 0x00, 0x80, 0x67, 0x04, 0xE6, 0x00, 0xFF, 0xFF, 0x00, 0x80,
        0x69, 0x04, 0xE1, 0x00, 0xFF, 0xFF, 0x00, 0x00, 0x71, 0x04, 0x0A, 0x00, 0xFF, 0xFF, 0x0C, 0x80,
        0x72, 0x04, 0x0A, 0x00, 0xFF, 0xFF, 0x0D, 0x80, 0x73, 0x04, 0x0A, 0x00, 0xFF, 0xFF, 0x0E, 0x80,
        0x74, 0x04, 0x0A, 0x00, 0xFF, 0xFF, 0x0F, 0x80, 0x76, 0x04, 0x15, 0x00, 0xFF, 0xFF, 0x10, 0x80,
        0x77, 0x04, 0x0F, 0x00, 0xFF, 0xFF, 0x0C, 0x80, 0x78, 0x04, 0x0E, 0x00, 0xFF, 0xFF, 0x09, 0x80,
        0x79, 0x04, 0x12, 0x00, 0xFF, 0xFF, 0x0A, 0x80, 0x7A, 0x04, 0x89, 0x00, 0xFF, 0xFF, 0x01, 0x80,
        0x7B, 0x04, 0x89, 0x00, 0xFF, 0xFF, 0x02, 0x80, 0x7C, 0x04, 0x89, 0x00, 0xFF, 0xFF, 0x03, 0x80,
        0x7D, 0x04, 0x89, 0x00, 0xFF, 0xFF, 0x04, 0x80, 0x7E, 0x04, 0xE8, 0x00, 0xFF, 0xFF, 0x00, 0x80,
        0x7F, 0x04, 0x87, 0x00, 0xFF, 0xFF, 0x06, 0x80, 0x80, 0x04, 0x69, 0x00, 0xFF, 0xFF, 0x2B, 0x80,
        0x81, 0x04, 0x69, 0x00, 0xFF, 0xFF, 0x2C, 0x80, 0x82, 0x04, 0x69, 0x00, 0xFF, 0xFF, 0x2D, 0x80,
        0x95, 0x04, 0x55, 0x00, 0xFF, 0xFF, 0x01, 0x80, 0x96, 0x04, 0x55, 0x00, 0xFF, 0xFF, 0x02, 0x80,
        0x97, 0x04, 0x55, 0x00, 0xFF, 0xFF, 0x03, 0x80, 0x98, 0x04, 0x55, 0x00, 0xFF, 0xFF, 0x04, 0x80,
        0x99, 0x04, 0x55, 0x00, 0xFF, 0xFF, 0x05, 0x80, 0xA0, 0x04, 0xEF, 0x00, 0xFF, 0xFF, 0x0C, 0x80,
        0xA7, 0x04, 0xEF, 0x00, 0xFF, 0xFF, 0x0E, 0x80, 0xAE, 0x04, 0xEF, 0x00, 0xFF, 0xFF, 0x10, 0x80,
        0xC4, 0x04, 0x86, 0x00, 0xFF, 0xFF, 0x01, 0x80, 0xC5, 0x04, 0x85, 0x00, 0xFF, 0xFF, 0x01, 0x80,
        0xC9, 0x04, 0xEF, 0x00, 0xFF, 0xFF, 0x12, 0x80, 0xDD, 0x04, 0x04, 0x00, 0xFF, 0xFF, 0x0A, 0x80,
        0xDE, 0x04, 0xEA, 0x00, 0xFF, 0xFF, 0x00, 0x80, 0xE9, 0x04, 0xEF, 0x00, 0xFF, 0xFF, 0x13, 0x80,
        0xEF, 0x04, 0xEB, 0x00, 0xFF, 0xFF, 0x00, 0x80, 0xF3, 0x04, 0xFF, 0xFF, 0x58, 0x00, 0x00, 0x80,
        0xF4, 0x04, 0xFF, 0xFF, 0x59, 0x00, 0x00, 0x80, 0xF5, 0x04, 0xFF, 0xFF, 0x5A, 0x00, 0x00, 0x80,
        0xF6, 0x04, 0xFF, 0xFF, 0x5B, 0x00, 0x00, 0x80, 0xF7, 0x04, 0xFF, 0xFF, 0x5C, 0x00, 0x00, 0x80,
        0xF8, 0x04, 0xFF, 0xFF, 0x5D, 0x00, 0x00, 0x80, 0x0C, 0x05, 0xED, 0x00, 0xFF, 0xFF, 0x00, 0x80,
        0x12, 0x05, 0x15, 0x00, 0xFF, 0xFF, 0x11, 0x80, 0x35, 0x05, 0x04, 0x00, 0xFF, 0xFF, 0x0B, 0x80,
        0x39, 0x05, 0xD1, 0x00, 0xFF, 0xFF, 0x01, 0x80, 0x3A, 0x05, 0xD4, 0x02, 0xFF, 0xFF, 0x00, 0x80,
        0x40, 0x05, 0x10, 0x01, 0xFF, 0xFF, 0x00, 0x80, 0x50, 0x05, 0xF0, 0x00, 0xFF, 0xFF, 0x00, 0x80,
        0x51, 0x05, 0xF0, 0x00, 0xFF, 0xFF, 0x01, 0x80, 0x52, 0x05, 0xF0, 0x00, 0xFF, 0xFF, 0x02, 0x80,
        0x53, 0x05, 0xF0, 0x00, 0xFF, 0xFF, 0x03, 0x80, 0x54, 0x05, 0xF0, 0x00, 0xFF, 0xFF, 0x04, 0x80,
        0x55, 0x05, 0xF0, 0x00, 0xFF, 0xFF, 0x05, 0x80, 0x56, 0x05, 0xF0, 0x00, 0xFF, 0xFF, 0x06, 0x80,
        0x57, 0x05, 0xF0, 0x00, 0xFF, 0xFF, 0x07, 0x80, 0x58, 0x05, 0xF0, 0x00, 0xFF, 0xFF, 0x08, 0x80,
        0x59, 0x05, 0xF0, 0x00, 0xFF, 0xFF, 0x09, 0x80, 0x5A, 0x05, 0xF0, 0x00, 0xFF, 0xFF, 0x0A, 0x80,
        0x5B, 0x05, 0xF0, 0x00, 0xFF, 0xFF, 0x0B, 0x80, 0x5C, 0x05, 0xF0, 0x00, 0xFF, 0xFF, 0x0C, 0x80,
        0x5D, 0x05, 0xF0, 0x00, 0xFF, 0xFF, 0x0D, 0x80, 0x5E, 0x05, 0xF0, 0x00, 0xFF, 0xFF, 0x0E, 0x80,
        0x5F, 0x05, 0xF0, 0x00, 0xFF, 0xFF, 0x0F, 0x80, 0x60, 0x05, 0xF0, 0x00, 0xFF, 0xFF, 0x10, 0x80,
        0x61, 0x05, 0xF0, 0x00, 0xFF, 0xFF, 0x11, 0x80, 0x62, 0x05, 0xFF, 0xFF, 0x64, 0x00, 0x00, 0x80,
        0x63, 0x05, 0xFF, 0xFF, 0x65, 0x00, 0x00, 0x80, 0x64, 0x05, 0xFF, 0xFF, 0x66, 0x00, 0x00, 0x80,
        0x65, 0x05, 0xFF, 0xFF, 0x67, 0x00, 0x00, 0x80, 0x66, 0x05, 0xFF, 0xFF, 0x68, 0x00, 0x00, 0x80,
        0x67, 0x05, 0xFF, 0xFF, 0x69, 0x00, 0x00, 0x80, 0x68, 0x05, 0x13, 0x00, 0xFF, 0xFF, 0x06, 0x80,
        0x69, 0x05, 0x13, 0x00, 0xFF, 0xFF, 0x07, 0x80, 0x6A, 0x05, 0x13, 0x00, 0xFF, 0xFF, 0x08, 0x80,
        0x6B, 0x05, 0x13, 0x00, 0xFF, 0xFF, 0x09, 0x80, 0x6C, 0x05, 0x13, 0x00, 0xFF, 0xFF, 0x0A, 0x80,
        0x6D, 0x05, 0x13, 0x00, 0xFF, 0xFF, 0x0B, 0x80, 0x6E, 0x05, 0x2A, 0x00, 0xFF, 0xFF, 0x01, 0x80,
        0x6F, 0x05, 0x2A, 0x00, 0xFF, 0xFF, 0x02, 0x80, 0x70, 0x05, 0x2A, 0x00, 0xFF, 0xFF, 0x03, 0x80,
        0x71, 0x05, 0x2A, 0x00, 0xFF, 0xFF, 0x04, 0x80, 0x72, 0x05, 0x2A, 0x00, 0xFF, 0xFF, 0x05, 0x80,
        0x73, 0x05, 0x2A, 0x00, 0xFF, 0xFF, 0x06, 0x80, 0x74, 0x05, 0x0F, 0x00, 0xFF, 0xFF, 0x0D, 0x80,
        0x75, 0x05, 0x0E, 0x00, 0xFF, 0xFF, 0x0A, 0x80, 0x76, 0x05, 0x12, 0x00, 0xFF, 0xFF, 0x0B, 0x80,
        0x77, 0x05, 0x0F, 0x00, 0xFF, 0xFF, 0x0E, 0x80, 0x78, 0x05, 0x0E, 0x00, 0xFF, 0xFF, 0x0B, 0x80,
        0x79, 0x05, 0x12, 0x00, 0xFF, 0xFF, 0x0C, 0x80, 0x7A, 0x05, 0x0F, 0x00, 0xFF, 0xFF, 0x0F, 0x80,
        0x7B, 0x05, 0x0E, 0x00, 0xFF, 0xFF, 0x0C, 0x80, 0x7C, 0x05, 0x12, 0x00, 0xFF, 0xFF, 0x0D, 0x80,
        0x7D, 0x05, 0x21, 0x00, 0xFF, 0xFF, 0x01, 0x80, 0x7E, 0x05, 0x21, 0x00, 0xFF, 0xFF, 0x02, 0x80,
        0x7F, 0x05, 0x21, 0x00, 0xFF, 0xFF, 0x03, 0x80, 0x80, 0x05, 0x69, 0x00, 0xFF, 0xFF, 0x2E, 0x80,
        0x81, 0x05, 0x69, 0x00, 0xFF, 0xFF, 0x2F, 0x80, 0x82, 0x05, 0x69, 0x00, 0xFF, 0xFF, 0x30, 0x80,
        0x83, 0x05, 0x0A, 0x00, 0xFF, 0xFF, 0x10, 0x80, 0x84, 0x05, 0x0A, 0x00, 0xFF, 0xFF, 0x11, 0x80,
        0x85, 0x05, 0x0A, 0x00, 0xFF, 0xFF, 0x12, 0x80, 0x86, 0x05, 0x65, 0x00, 0xFF, 0xFF, 0x01, 0x80,
        0x87, 0x05, 0x65, 0x00, 0xFF, 0xFF, 0x02, 0x80, 0x88, 0x05, 0x65, 0x00, 0xFF, 0xFF, 0x03, 0x80,
        0x89, 0x05, 0xF1, 0x00, 0xFF, 0xFF, 0x00, 0x80, 0x8A, 0x05, 0x13, 0x00, 0xFF, 0xFF, 0x0C, 0x80,
        0x8B, 0x05, 0xF0, 0x00, 0xFF, 0xFF, 0x12, 0x80, 0x8C, 0x05, 0xF0, 0x00, 0xFF, 0xFF, 0x13, 0x80,
        0x8D, 0x05, 0xF2, 0x00, 0xFF, 0xFF, 0x00, 0x80, 0x8E, 0x05, 0xF2, 0x00, 0xFF, 0xFF, 0x01, 0x80,
        0x8F, 0x05, 0xF2, 0x00, 0xFF, 0xFF, 0x02, 0x80, 0x90, 0x05, 0xF2, 0x00, 0xFF, 0xFF, 0x03, 0x80,
        0x91, 0x05, 0xF2, 0x00, 0xFF, 0xFF, 0x04, 0x80, 0x92, 0x05, 0xF2, 0x00, 0xFF, 0xFF, 0x05, 0x80,
        0x93, 0x05, 0xF0, 0x00, 0xFF, 0xFF, 0x14, 0x80, 0x94, 0x05, 0xF0, 0x00, 0xFF, 0xFF, 0x15, 0x80,
        0x96, 0x05, 0xF3, 0x00, 0xFF, 0xFF, 0x00, 0x80, 0x97, 0x05, 0x2A, 0x00, 0xFF, 0xFF, 0x07, 0x80,
        0x99, 0x05, 0xF2, 0x00, 0xFF, 0xFF, 0x06, 0x80, 0x9A, 0x05, 0xF2, 0x00, 0xFF, 0xFF, 0x07, 0x80,
        0x9B, 0x05, 0xF2, 0x00, 0xFF, 0xFF, 0x08, 0x80, 0x9C, 0x05, 0xF2, 0x00, 0xFF, 0xFF, 0x09, 0x80,
        0x9D, 0x05, 0xF2, 0x00, 0xFF, 0xFF, 0x0A, 0x80, 0x9E, 0x05, 0xF2, 0x00, 0xFF, 0xFF, 0x0B, 0x80,
        0x9F, 0x05, 0xF2, 0x00, 0xFF, 0xFF, 0x0C, 0x80, 0xA0, 0x05, 0xF0, 0x00, 0xFF, 0xFF, 0x16, 0x80,
        0xA1, 0x05, 0xF0, 0x00, 0xFF, 0xFF, 0x17, 0x80, 0xA2, 0x05, 0xF0, 0x00, 0xFF, 0xFF, 0x18, 0x80,
        0xA3, 0x05, 0xF0, 0x00, 0xFF, 0xFF, 0x19, 0x80, 0xA7, 0x05, 0xFF, 0xFF, 0x6A, 0x00, 0x00, 0x80,
        0xA8, 0x05, 0xFF, 0xFF, 0x6B, 0x00, 0x00, 0x80, 0xA9, 0x05, 0xF4, 0x00, 0xFF, 0xFF, 0x00, 0x80,
        0xAB, 0x05, 0x5B, 0x00, 0xFF, 0xFF, 0x0A, 0x80, 0xAC, 0x05, 0x5B, 0x00, 0xFF, 0xFF, 0x0B, 0x80,
        0xAD, 0x05, 0x5B, 0x00, 0xFF, 0xFF, 0x0C, 0x80, 0xAE, 0x05, 0x5B, 0x00, 0xFF, 0xFF, 0x0D, 0x80,
        0xAF, 0x05, 0x5B, 0x00, 0xFF, 0xFF, 0x0E, 0x80, 0xB0, 0x05, 0x5B, 0x00, 0xFF, 0xFF, 0x0F, 0x80,
        0xB1, 0x05, 0x13, 0x00, 0xFF, 0xFF, 0x0D, 0x80, 0xB2, 0x05, 0x0A, 0x00, 0xFF, 0xFF, 0x13, 0x80,
        0xB3, 0x05, 0x0F, 0x00, 0xFF, 0xFF, 0x10, 0x80, 0xB4, 0x05, 0x0E, 0x00, 0xFF, 0xFF, 0x0D, 0x80,
        0xB5, 0x05, 0x12, 0x00, 0xFF, 0xFF, 0x0E, 0x80, 0xB6, 0x05, 0x69, 0x00, 0xFF, 0xFF, 0x31, 0x80,
        0xB7, 0x05, 0x65, 0x00, 0xFF, 0xFF, 0x04, 0x80, 0xB8, 0x05, 0x5B, 0x00, 0xFF, 0xFF, 0x10, 0x80,
        0xB9, 0x05, 0x5B, 0x00, 0xFF, 0xFF, 0x11, 0x80, 0xBA, 0x05, 0x5B, 0x00, 0xFF, 0xFF, 0x12, 0x80,
        0xBB, 0x05, 0x5B, 0x00, 0xFF, 0xFF, 0x13, 0x80, 0xBC, 0x05, 0x5B, 0x00, 0xFF, 0xFF, 0x14, 0x80,
        0xBD, 0x05, 0x5B, 0x00, 0xFF, 0xFF, 0x15, 0x80, 0xBE, 0x05, 0x4F, 0x00, 0xFF, 0xFF, 0x05, 0x80,
        0xBF, 0x05, 0x4F, 0x00, 0xFF, 0xFF, 0x06, 0x80, 0xC0, 0x05, 0x4F, 0x00, 0xFF, 0xFF, 0x07, 0x80,
        0xC1, 0x05, 0x4F, 0x00, 0xFF, 0xFF, 0x08, 0x80, 0xC2, 0x05, 0xF5, 0x00, 0xFF, 0xFF, 0x00, 0x80,
        0xC3, 0x05, 0xF5, 0x00, 0xFF, 0xFF, 0x01, 0x80, 0xC4, 0x05, 0xF5, 0x00, 0xFF, 0xFF, 0x02, 0x80,
        0xC5, 0x05, 0xF5, 0x00, 0xFF, 0xFF, 0x03, 0x80, 0xC6, 0x05, 0xF5, 0x00, 0xFF, 0xFF, 0x04, 0x80,
        0xC7, 0x05, 0xF6, 0x00, 0xFF, 0xFF, 0x00, 0x80, 0xC8, 0x05, 0xF6, 0x00, 0xFF, 0xFF, 0x01, 0x80,
        0xC9, 0x05, 0xF6, 0x00, 0xFF, 0xFF, 0x02, 0x80, 0xCA, 0x05, 0xF6, 0x00, 0xFF, 0xFF, 0x03, 0x80,
        0xCB, 0x05, 0xF6, 0x00, 0xFF, 0xFF, 0x04, 0x80, 0xCC, 0x05, 0xF6, 0x00, 0xFF, 0xFF, 0x05, 0x80,
        0xCD, 0x05, 0xF6, 0x00, 0xFF, 0xFF, 0x06, 0x80, 0xCE, 0x05, 0xF6, 0x00, 0xFF, 0xFF, 0x07, 0x80,
        0xCF, 0x05, 0xF6, 0x00, 0xFF, 0xFF, 0x08, 0x80, 0xD0, 0x05, 0xF6, 0x00, 0xFF, 0xFF, 0x09, 0x80,
        0xD1, 0x05, 0xF6, 0x00, 0xFF, 0xFF, 0x0A, 0x80, 0xD2, 0x05, 0xF6, 0x00, 0xFF, 0xFF, 0x0B, 0x80,
        0xD3, 0x05, 0xF6, 0x00, 0xFF, 0xFF, 0x0C, 0x80, 0xD4, 0x05, 0xF6, 0x00, 0xFF, 0xFF, 0x0D, 0x80,
        0xD5, 0x05, 0xF6, 0x00, 0xFF, 0xFF, 0x0E, 0x80, 0xD6, 0x05, 0xF6, 0x00, 0xFF, 0xFF, 0x0F, 0x80,
        0xD7, 0x05, 0xF5, 0x00, 0xFF, 0xFF, 0x05, 0x80, 0xD8, 0x05, 0xF0, 0x00, 0xFF, 0xFF, 0x1A, 0x80,
        0xD9, 0x05, 0xF0, 0x00, 0xFF, 0xFF, 0x1B, 0x80, 0xDA, 0x05, 0xF0, 0x00, 0xFF, 0xFF, 0x1C, 0x80,
        0xDB, 0x05, 0xF0, 0x00, 0xFF, 0xFF, 0x1D, 0x80, 0xDC, 0x05, 0xF2, 0x00, 0xFF, 0xFF, 0x0D, 0x80,
        0xDD, 0x05, 0xF2, 0x00, 0xFF, 0xFF, 0x0E, 0x80, 0xDE, 0x05, 0xF2, 0x00, 0xFF, 0xFF, 0x0F, 0x80,
        0xE5, 0x05, 0x0F, 0x00, 0xFF, 0xFF, 0x11, 0x80, 0xE6, 0x05, 0x0E, 0x00, 0xFF, 0xFF, 0x0E, 0x80,
        0xE7, 0x05, 0x12, 0x00, 0xFF, 0xFF, 0x0F, 0x80, 0xE8, 0x05, 0x65, 0x00, 0xFF, 0xFF, 0x05, 0x80,
        0xF8, 0x05, 0x15, 0x00, 0xFF, 0xFF, 0x12, 0x80, 0xF9, 0x05, 0x15, 0x00, 0xFF, 0xFF, 0x13, 0x80,
        0xFA, 0x05, 0x15, 0x00, 0xFF, 0xFF, 0x14, 0x80, 0xFB, 0x05, 0x15, 0x00, 0xFF, 0xFF, 0x15, 0x80,
        0xFC, 0x05, 0x15, 0x00, 0xFF, 0xFF, 0x16, 0x80, 0x02, 0x06, 0xF0, 0x00, 0xFF, 0xFF, 0x1E, 0x80,
        0x03, 0x06, 0xF0, 0x00, 0xFF, 0xFF, 0x1F, 0x80, 0x04, 0x06, 0xF0, 0x00, 0xFF, 0xFF, 0x20, 0x80,
        0x05, 0x06, 0xF6, 0x00, 0xFF, 0xFF, 0x10, 0x80, 0x06, 0x06, 0xF6, 0x00, 0xFF, 0xFF, 0x11, 0x80,
        0x0F, 0x06, 0xF7, 0x00, 0xFF, 0xFF, 0x00, 0x80, 0x10, 0x06, 0xEF, 0x00, 0xFF, 0xFF, 0x14, 0x80,
        0x25, 0x06, 0xF2, 0x00, 0xFF, 0xFF, 0x10, 0x80, 0x26, 0x06, 0xF0, 0x00, 0xFF, 0xFF, 0x21, 0x80,
        0x27, 0x06, 0xF0, 0x00, 0xFF, 0xFF, 0x22, 0x80, 0x28, 0x06, 0xF0, 0x00, 0xFF, 0xFF, 0x23, 0x80,
        0x29, 0x06, 0xF5, 0x00, 0xFF, 0xFF, 0x06, 0x80, 0x35, 0x06, 0xF8, 0x00, 0xFF, 0xFF, 0x00, 0x80,
        0x36, 0x06, 0xFF, 0xFF, 0x6D, 0x00, 0x00, 0x80, 0x37, 0x06, 0xF9, 0x00, 0xFF, 0xFF, 0x00, 0x80,
        0x38, 0x06, 0xFF, 0xFF, 0x6E, 0x00, 0x00, 0x80, 0x39, 0x06, 0xFA, 0x00, 0xFF, 0xFF, 0x00, 0x80,
        0x3A, 0x06, 0xFF, 0xFF, 0x6F, 0x00, 0x00, 0x80, 0x3C, 0x06, 0x8B, 0x00, 0xFF, 0xFF, 0x0D, 0x80,
        0x3D, 0x06, 0x8B, 0x00, 0xFF, 0xFF, 0x0E, 0x80, 0x3E, 0x06, 0x8B, 0x00, 0xFF, 0xFF, 0x0F, 0x80,
        0x3F, 0x06, 0x8B, 0x00, 0xFF, 0xFF, 0x10, 0x80, 0x40, 0x06, 0x8B, 0x00, 0xFF, 0xFF, 0x11, 0x80,
        0x41, 0x06, 0x8B, 0x00, 0xFF, 0xFF, 0x12, 0x80, 0x42, 0x06, 0x8B, 0x00, 0xFF, 0xFF, 0x13, 0x80,
        0x43, 0x06, 0x8B, 0x00, 0xFF, 0xFF, 0x14, 0x80, 0x44, 0x06, 0x8B, 0x00, 0xFF, 0xFF, 0x15, 0x80,
        0x45, 0x06, 0x8B, 0x00, 0xFF, 0xFF, 0x16, 0x80, 0x46, 0x06, 0x8B, 0x00, 0xFF, 0xFF, 0x17, 0x80,
        0x47, 0x06, 0x8B, 0x00, 0xFF, 0xFF, 0x18, 0x80, 0x48, 0x06, 0x8B, 0x00, 0xFF, 0xFF, 0x19, 0x80,
        0x49, 0x06, 0x8B, 0x00, 0xFF, 0xFF, 0x1A, 0x80, 0x4A, 0x06, 0x8B, 0x00, 0xFF, 0xFF, 0x1B, 0x80,
        0x4F, 0x06, 0x5B, 0x00, 0xFF, 0xFF, 0x16, 0x80, 0x50, 0x06, 0x5B, 0x00, 0xFF, 0xFF, 0x17, 0x80,
        0x51, 0x06, 0x5B, 0x00, 0xFF, 0xFF, 0x18, 0x80, 0x52, 0x06, 0x5B, 0x00, 0xFF, 0xFF, 0x19, 0x80,
        0x53, 0x06, 0x5B, 0x00, 0xFF, 0xFF, 0x1A, 0x80, 0x54, 0x06, 0x5B, 0x00, 0xFF, 0xFF, 0x1B, 0x80,
        0x55, 0x06, 0x5B, 0x00, 0xFF, 0xFF, 0x1C, 0x80, 0x56, 0x06, 0x5B, 0x00, 0xFF, 0xFF, 0x1D, 0x80,
        0x57, 0x06, 0x5B, 0x00, 0xFF, 0xFF, 0x1E, 0x80, 0x58, 0x06, 0x5B, 0x00, 0xFF, 0xFF, 0x1F, 0x80,
        0x59, 0x06, 0x5B, 0x00, 0xFF, 0xFF, 0x20, 0x80, 0x5A, 0x06, 0x5B, 0x00, 0xFF, 0xFF, 0x21, 0x80,
        0x5B, 0x06, 0x5B, 0x00, 0xFF, 0xFF, 0x22, 0x80, 0x5C, 0x06, 0x5B, 0x00, 0xFF, 0xFF, 0x23, 0x80,
        0x5D, 0x06, 0x5B, 0x00, 0xFF, 0xFF, 0x24, 0x80, 0x5E, 0x06, 0x5B, 0x00, 0xFF, 0xFF, 0x25, 0x80,
        0x5F, 0x06, 0x5B, 0x00, 0xFF, 0xFF, 0x26, 0x80, 0x60, 0x06, 0x5B, 0x00, 0xFF, 0xFF, 0x27, 0x80,
        0x61, 0x06, 0x5B, 0x00, 0xFF, 0xFF, 0x28, 0x80, 0x62, 0x06, 0x5B, 0x00, 0xFF, 0xFF, 0x29, 0x80,
        0x63, 0x06, 0x5B, 0x00, 0xFF, 0xFF, 0x2A, 0x80, 0x64, 0x06, 0x5B, 0x00, 0xFF, 0xFF, 0x2B, 0x80,
        0x65, 0x06, 0x5B, 0x00, 0xFF, 0xFF, 0x2C, 0x80, 0x66, 0x06, 0x5B, 0x00, 0xFF, 0xFF, 0x2D, 0x80,
        0x67, 0x06, 0x5B, 0x00, 0xFF, 0xFF, 0x2E, 0x80, 0x68, 0x06, 0x5B, 0x00, 0xFF, 0xFF, 0x2F, 0x80,
        0x69, 0x06, 0x5B, 0x00, 0xFF, 0xFF, 0x30, 0x80, 0x6A, 0x06, 0x5B, 0x00, 0xFF, 0xFF, 0x31, 0x80,
        0x6B, 0x06, 0x5B, 0x00, 0xFF, 0xFF, 0x32, 0x80, 0x6C, 0x06, 0x5B, 0x00, 0xFF, 0xFF, 0x33, 0x80,
        0x6D, 0x06, 0x5B, 0x00, 0xFF, 0xFF, 0x34, 0x80, 0x6E, 0x06, 0x5B, 0x00, 0xFF, 0xFF, 0x35, 0x80,
        0x6F, 0x06, 0x5B, 0x00, 0xFF, 0xFF, 0x36, 0x80, 0x70, 0x06, 0x5B, 0x00, 0xFF, 0xFF, 0x37, 0x80,
        0x71, 0x06, 0x5B, 0x00, 0xFF, 0xFF, 0x38, 0x80, 0x72, 0x06, 0x5B, 0x00, 0xFF, 0xFF, 0x39, 0x80,
        0x73, 0x06, 0x5B, 0x00, 0xFF, 0xFF, 0x3A, 0x80, 0x74, 0x06, 0x5B, 0x00, 0xFF, 0xFF, 0x3B, 0x80,
        0x75, 0x06, 0x5B, 0x00, 0xFF, 0xFF, 0x3C, 0x80, 0x76, 0x06, 0x5B, 0x00, 0xFF, 0xFF, 0x3D, 0x80,
        0x77, 0x06, 0x5B, 0x00, 0xFF, 0xFF, 0x3E, 0x80, 0x78, 0x06, 0x5B, 0x00, 0xFF, 0xFF, 0x3F, 0x80,
        0x79, 0x06, 0x5B, 0x00, 0xFF, 0xFF, 0x40, 0x80, 0x7A, 0x06, 0x5B, 0x00, 0xFF, 0xFF, 0x41, 0x80,
        0x7B, 0x06, 0x5B, 0x00, 0xFF, 0xFF, 0x42, 0x80, 0x7C, 0x06, 0x5B, 0x00, 0xFF, 0xFF, 0x43, 0x80,
        0x7D, 0x06, 0x5B, 0x00, 0xFF, 0xFF, 0x44, 0x80, 0x7E, 0x06, 0x5B, 0x00, 0xFF, 0xFF, 0x45, 0x80,
        0x7F, 0x06, 0x5B, 0x00, 0xFF, 0xFF, 0x46, 0x80, 0x80, 0x06, 0x5B, 0x00, 0xFF, 0xFF, 0x47, 0x80,
        0x81, 0x06, 0x5B, 0x00, 0xFF, 0xFF, 0x48, 0x80, 0x82, 0x06, 0x5B, 0x00, 0xFF, 0xFF, 0x49, 0x80,
        0x83, 0x06, 0x5B, 0x00, 0xFF, 0xFF, 0x4A, 0x80, 0x84, 0x06, 0x5B, 0x00, 0xFF, 0xFF, 0x4B, 0x80,
        0x85, 0x06, 0x5B, 0x00, 0xFF, 0xFF, 0x4C, 0x80, 0x86, 0x06, 0x5B, 0x00, 0xFF, 0xFF, 0x4D, 0x80,
        0x87, 0x06, 0x5B, 0x00, 0xFF, 0xFF, 0x4E, 0x80, 0x88, 0x06, 0x5B, 0x00, 0xFF, 0xFF, 0x4F, 0x80,
        0x89, 0x06, 0x5B, 0x00, 0xFF, 0xFF, 0x50, 0x80, 0x8A, 0x06, 0x5B, 0x00, 0xFF, 0xFF, 0x51, 0x80,
        0x8B, 0x06, 0x5B, 0x00, 0xFF, 0xFF, 0x52, 0x80, 0x8C, 0x06, 0x5B, 0x00, 0xFF, 0xFF, 0x53, 0x80,
        0x8D, 0x06, 0x5B, 0x00, 0xFF, 0xFF, 0x54, 0x80, 0x8E, 0x06, 0x5B, 0x00, 0xFF, 0xFF, 0x55, 0x80,
        0x8F, 0x06, 0x5B, 0x00, 0xFF, 0xFF, 0x56, 0x80, 0x90, 0x06, 0x5B, 0x00, 0xFF, 0xFF, 0x57, 0x80,
        0x91, 0x06, 0x5B, 0x00, 0xFF, 0xFF, 0x58, 0x80, 0x92, 0x06, 0x5B, 0x00, 0xFF, 0xFF, 0x59, 0x80,
        0x93, 0x06, 0x5B, 0x00, 0xFF, 0xFF, 0x5A, 0x80, 0x94, 0x06, 0x5B, 0x00, 0xFF, 0xFF, 0x5B, 0x80,
        0x95, 0x06, 0x5B, 0x00, 0xFF, 0xFF, 0x5C, 0x80, 0x96, 0x06, 0x5B, 0x00, 0xFF, 0xFF, 0x5D, 0x80,
        0x97, 0x06, 0x5B, 0x00, 0xFF, 0xFF, 0x5E, 0x80, 0x98, 0x06, 0x5B, 0x00, 0xFF, 0xFF, 0x5F, 0x80,
        0x99, 0x06, 0x5B, 0x00, 0xFF, 0xFF, 0x60, 0x80, 0x9A, 0x06, 0x5B, 0x00, 0xFF, 0xFF, 0x61, 0x80,
        0x9B, 0x06, 0x5B, 0x00, 0xFF, 0xFF, 0x62, 0x80, 0x9C, 0x06, 0x5B, 0x00, 0xFF, 0xFF, 0x63, 0x80,
        0x9D, 0x06, 0x5B, 0x00, 0xFF, 0xFF, 0x64, 0x80, 0x9E, 0x06, 0x5B, 0x00, 0xFF, 0xFF, 0x65, 0x80,
        0x9F, 0x06, 0x5B, 0x00, 0xFF, 0xFF, 0x66, 0x80, 0xA0, 0x06, 0x5B, 0x00, 0xFF, 0xFF, 0x67, 0x80,
        0xA1, 0x06, 0x5B, 0x00, 0xFF, 0xFF, 0x68, 0x80, 0xA2, 0x06, 0x5B, 0x00, 0xFF, 0xFF, 0x69, 0x80,
        0xA3, 0x06, 0x5B, 0x00, 0xFF, 0xFF, 0x6A, 0x80, 0xA4, 0x06, 0x5B, 0x00, 0xFF, 0xFF, 0x6B, 0x80,
        0xA5, 0x06, 0x5B, 0x00, 0xFF, 0xFF, 0x6C, 0x80, 0xA6, 0x06, 0x13, 0x00, 0xFF, 0xFF, 0x0E, 0x80,
        0xA7, 0x06, 0x0F, 0x00, 0xFF, 0xFF, 0x12, 0x80, 0xA8, 0x06, 0x0F, 0x00, 0xFF, 0xFF, 0x13, 0x80,
        0xA9, 0x06, 0x0F, 0x00, 0xFF, 0xFF, 0x14, 0x80, 0xAA, 0x06, 0x0F, 0x00, 0xFF, 0xFF, 0x15, 0x80,
        0xAB, 0x06, 0x0F, 0x00, 0xFF, 0xFF, 0x16, 0x80, 0xAC, 0x06, 0x0F, 0x00, 0xFF, 0xFF, 0x17, 0x80,
        0xAD, 0x06, 0x0A, 0x00, 0xFF, 0xFF, 0x14, 0x80, 0xAE, 0x06, 0x0A, 0x00, 0xFF, 0xFF, 0x15, 0x80,
        0xAF, 0x06, 0x0A, 0x00, 0xFF, 0xFF, 0x16, 0x80, 0xB0, 0x06, 0x0A, 0x00, 0xFF, 0xFF, 0x17, 0x80,
        0xB1, 0x06, 0x0E, 0x00, 0xFF, 0xFF, 0x0F, 0x80, 0xB2, 0x06, 0x0E, 0x00, 0xFF, 0xFF, 0x10, 0x80,
        0xB3, 0x06, 0x0E, 0x00, 0xFF, 0xFF, 0x11, 0x80, 0xB4, 0x06, 0x0E, 0x00, 0xFF, 0xFF, 0x12, 0x80,
        0xB5, 0x06, 0x0E, 0x00, 0xFF, 0xFF, 0x13, 0x80, 0xB6, 0x06, 0x0E, 0x00, 0xFF, 0xFF, 0x14, 0x80,
        0xB7, 0x06, 0x4F, 0x00, 0xFF, 0xFF, 0x09, 0x80, 0xB8, 0x06, 0x4F, 0x00, 0xFF, 0xFF, 0x0A, 0x80,
        0xB9, 0x06, 0x4F, 0x00, 0xFF, 0xFF, 0x0B, 0x80, 0xBA, 0x06, 0x4F, 0x00, 0xFF, 0xFF, 0x0C, 0x80,
        0xBB, 0x06, 0xFF, 0xFF, 0x4E, 0x00, 0x00, 0x80, 0xBD, 0x06, 0xFB, 0x00, 0xFF, 0xFF, 0x00, 0x80,
        0xBE, 0x06, 0xFF, 0xFF, 0x71, 0x00, 0x00, 0x80, 0xBF, 0x06, 0xFC, 0x00, 0xFF, 0xFF, 0x00, 0x80,
        0xC0, 0x06, 0xFF, 0xFF, 0x72, 0x00, 0x00, 0x80, 0xC1, 0x06, 0xFD, 0x00, 0xFF, 0xFF, 0x00, 0x80,
        0xC2, 0x06, 0xFF, 0xFF, 0x73, 0x00, 0x00, 0x80, 0xFF, 0x06, 0x60, 0x00, 0xFF, 0xFF, 0x01, 0x80,
        0x00, 0x07, 0x0F, 0x00, 0xFF, 0xFF, 0x18, 0x80, 0x01, 0x07, 0x0A, 0x00, 0xFF, 0xFF, 0x18, 0x80,
        0x02, 0x07, 0x0E, 0x00, 0xFF, 0xFF, 0x15, 0x80, 0x03, 0x07, 0x12, 0x00, 0xFF, 0xFF, 0x10, 0x80,
        0x04, 0x07, 0x13, 0x00, 0xFF, 0xFF, 0x0F, 0x80, 0x10, 0x07, 0x2A, 0x00, 0xFF, 0xFF, 0x08, 0x80,
        0x14, 0x07, 0x22, 0x00, 0xFF, 0xFF, 0x06, 0x80, 0x15, 0x07, 0x23, 0x00, 0xFF, 0xFF, 0x00, 0x80,
        0x16, 0x07, 0x0F, 0x00, 0xFF, 0xFF, 0x19, 0x80, 0x17, 0x07, 0x0A, 0x00, 0xFF, 0xFF, 0x19, 0x80,
        0x18, 0x07, 0x0E, 0x00, 0xFF, 0xFF, 0x16, 0x80, 0x19, 0x07, 0x12, 0x00, 0xFF, 0xFF, 0x11, 0x80,
        0x1A, 0x07, 0x13, 0x00, 0xFF, 0xFF, 0x10, 0x80, 0x24, 0x07, 0xFE, 0x00, 0xFF, 0xFF, 0x00, 0x80,
        0x36, 0x07, 0xF2, 0x00, 0xFF, 0xFF, 0x11, 0x80, 0x37, 0x07, 0xF2, 0x00, 0xFF, 0xFF, 0x12, 0x80,
        0x38, 0x07, 0xF2, 0x00, 0xFF, 0xFF, 0x13, 0x80, 0x39, 0x07, 0xF2, 0x00, 0xFF, 0xFF, 0x14, 0x80,
        0x3A, 0x07, 0xF2, 0x00, 0xFF, 0xFF, 0x15, 0x80, 0x3F, 0x07, 0xF0, 0x00, 0xFF, 0xFF, 0x24, 0x80,
        0x40, 0x07, 0xF0, 0x00, 0xFF, 0xFF, 0x25, 0x80, 0x43, 0x07, 0x2A, 0x00, 0xFF, 0xFF, 0x09, 0x80,
        0x4D, 0x07, 0x24, 0x00, 0xFF, 0xFF, 0x00, 0x80, 0x50, 0x07, 0xAA, 0x00, 0xFF, 0xFF, 0x00, 0x80,
        0x51, 0x07, 0xAB, 0x00, 0xFF, 0xFF, 0x00, 0x80, 0x74, 0x07, 0xF6, 0x00, 0xFF, 0xFF, 0x12, 0x80,
        0x84, 0x07, 0x0A, 0x00, 0xFF, 0xFF, 0x1A, 0x80, 0x85, 0x07, 0x0F, 0x00, 0xFF, 0xFF, 0x1A, 0x80,
        0x86, 0x07, 0x0E, 0x00, 0xFF, 0xFF, 0x17, 0x80, 0x9C, 0x07, 0xFF, 0xFF, 0x74, 0x00, 0x00, 0x80,
        0x9D, 0x07, 0xFF, 0xFF, 0x75, 0x00, 0x00, 0x80, 0x9E, 0x07, 0xFF, 0xFF, 0x76, 0x00, 0x00, 0x80,
        0x9F, 0x07, 0xFF, 0xFF, 0x77, 0x00, 0x00, 0x80, 0xA0, 0x07, 0xFF, 0xFF, 0x78, 0x00, 0x00, 0x80,
        0xA1, 0x07, 0xFF, 0xFF, 0x79, 0x00, 0x00, 0x80, 0xA2, 0x07, 0xFF, 0xFF, 0x7A, 0x00, 0x00, 0x80,
        0xA3, 0x07, 0xFF, 0xFF, 0x7B, 0x00, 0x00, 0x80, 0xA4, 0x07, 0xFF, 0xFF, 0x7C, 0x00, 0x00, 0x80,
        0xA5, 0x07, 0xFF, 0xFF, 0x7D, 0x00, 0x00, 0x80, 0xA8, 0x07, 0xF0, 0x00, 0xFF, 0xFF, 0x26, 0x80,
        0xA9, 0x07, 0xF0, 0x00, 0xFF, 0xFF, 0x27, 0x80, 0xAA, 0x07, 0xF0, 0x00, 0xFF, 0xFF, 0x28, 0x80,
        0xAB, 0x07, 0x8B, 0x00, 0xFF, 0xFF, 0x1C, 0x80, 0xAC, 0x07, 0x8B, 0x00, 0xFF, 0xFF, 0x1D, 0x80,
        0xAD, 0x07, 0x8B, 0x00, 0xFF, 0xFF, 0x1E, 0x80, 0xB2, 0x07, 0x06, 0x01, 0xFF, 0xFF, 0x00, 0x80,
        0xB3, 0x07, 0x07, 0x01, 0xFF, 0xFF, 0x00, 0x80, 0xB4, 0x07, 0x08, 0x01, 0xFF, 0xFF, 0x00, 0x80,
        0xB5, 0x07, 0x09, 0x01, 0xFF, 0xFF, 0x00, 0x80, 0xB6, 0x07, 0x0A, 0x01, 0xFF, 0xFF, 0x00, 0x80,
        0xB7, 0x07, 0x0B, 0x01, 0xFF, 0xFF, 0x00, 0x80, 0xB8, 0x07, 0x0C, 0x01, 0xFF, 0xFF, 0x00, 0x80,
        0xC5, 0x07, 0xD6, 0x01, 0xFF, 0xFF, 0x02, 0x80, 0xC8, 0x07, 0xD4, 0x02, 0xFF, 0xFF, 0x00, 0x80,
        0xC9, 0x07, 0x0E, 0x01, 0xFF, 0xFF, 0x00, 0x80, 0xCA, 0x07, 0xD4, 0x02, 0xFF, 0xFF, 0x01, 0x80,
        0xCB, 0x07, 0xD4, 0x02, 0xFF, 0xFF, 0x02, 0x80, 0xCC, 0x07, 0xD4, 0x02, 0xFF, 0xFF, 0x03, 0x80,
        0xCD, 0x07, 0xD4, 0x02, 0xFF, 0xFF, 0x04, 0x80, 0xCE, 0x07, 0xD4, 0x02, 0xFF, 0xFF, 0x05, 0x80,
        0xCF, 0x07, 0xD4, 0x02, 0xFF, 0xFF, 0x06, 0x80, 0xD0, 0x07, 0xD4, 0x02, 0xFF, 0xFF, 0x07, 0x80,
        0xD1, 0x07, 0xD4, 0x02, 0xFF, 0xFF, 0x08, 0x80, 0xD2, 0x07, 0xD4, 0x02, 0xFF, 0xFF, 0x00, 0x80,
        0xD3, 0x07, 0xD4, 0x02, 0xFF, 0xFF, 0x00, 0x80, 0xD4, 0x07, 0xD4, 0x02, 0xFF, 0xFF, 0x00, 0x80,
        0xD5, 0x07, 0x0F, 0x01, 0xFF, 0xFF, 0x00, 0x80, 0xD6, 0x07, 0xD4, 0x02, 0xFF, 0xFF, 0x00, 0x80,
        0xD7, 0x07, 0xD4, 0x02, 0xFF, 0xFF, 0x00, 0x80, 0xD8, 0x07, 0xFF, 0xFF, 0x7E, 0x00, 0x00, 0x80,
        0xD9, 0x07, 0xFF, 0xFF, 0x7F, 0x00, 0x00, 0x80, 0xDA, 0x07, 0xFF, 0xFF, 0x80, 0x00, 0x00, 0x80,
        0xDB, 0x07, 0xFF, 0xFF, 0x81, 0x00, 0x00, 0x80, 0xDC, 0x07, 0xFF, 0xFF, 0x82, 0x00, 0x00, 0x80,
        0xDD, 0x07, 0xFF, 0xFF, 0x83, 0x00, 0x00, 0x80, 0xDE, 0x07, 0xFF, 0xFF, 0x84, 0x00, 0x00, 0x80,
        0xDF, 0x07, 0xD4, 0x02, 0xFF, 0xFF, 0x00, 0x80, 0xE0, 0x07, 0xD4, 0x02, 0xFF, 0xFF, 0x00, 0x80,
        0xE1, 0x07, 0xD4, 0x02, 0xFF, 0xFF, 0x00, 0x80, 0xE2, 0x07, 0xD4, 0x02, 0xFF, 0xFF, 0x00, 0x80,
        0xE3, 0x07, 0xD4, 0x02, 0xFF, 0xFF, 0x00, 0x80, 0xE4, 0x07, 0x65, 0x00, 0xFF, 0xFF, 0x06, 0x80,
        0xE5, 0x07, 0x65, 0x00, 0xFF, 0xFF, 0x07, 0x80, 0xE6, 0x07, 0x65, 0x00, 0xFF, 0xFF, 0x08, 0x80,
        0xE7, 0x07, 0x65, 0x00, 0xFF, 0xFF, 0x09, 0x80, 0xE8, 0x07, 0x65, 0x00, 0xFF, 0xFF, 0x0A, 0x80,
        0xE9, 0x07, 0x65, 0x00, 0xFF, 0xFF, 0x0B, 0x80, 0xEA, 0x07, 0x65, 0x00, 0xFF, 0xFF, 0x0C, 0x80,
        0xEB, 0x07, 0x65, 0x00, 0xFF, 0xFF, 0x0D, 0x80, 0xEC, 0x07, 0x65, 0x00, 0xFF, 0xFF, 0x0E, 0x80,
        0xED, 0x07, 0x65, 0x00, 0xFF, 0xFF, 0x0F, 0x80, 0xEE, 0x07, 0x65, 0x00, 0xFF, 0xFF, 0x10, 0x80,
        0xEF, 0x07, 0x65, 0x00, 0xFF, 0xFF, 0x11, 0x80, 0xF0, 0x07, 0x2A, 0x00, 0xFF, 0xFF, 0x0A, 0x80,
        0xF1, 0x07, 0x2A, 0x00, 0xFF, 0xFF, 0x0B, 0x80, 0xF2, 0x07, 0x2A, 0x00, 0xFF, 0xFF, 0x0C, 0x80,
        0xF3, 0x07, 0x2A, 0x00, 0xFF, 0xFF, 0x0D, 0x80, 0xF4, 0x07, 0x2A, 0x00, 0xFF, 0xFF, 0x0E, 0x80,
        0xF5, 0x07, 0x2A, 0x00, 0xFF, 0xFF, 0x0F, 0x80, 0xF6, 0x07, 0x2A, 0x00, 0xFF, 0xFF, 0x10, 0x80,
        0xF7, 0x07, 0x2A, 0x00, 0xFF, 0xFF, 0x11, 0x80, 0xF8, 0x07, 0x2A, 0x00, 0xFF, 0xFF, 0x12, 0x80,
        0xF9, 0x07, 0x2A, 0x00, 0xFF, 0xFF, 0x13, 0x80, 0xFA, 0x07, 0x2A, 0x00, 0xFF, 0xFF, 0x14, 0x80,
        0xFB, 0x07, 0x2A, 0x00, 0xFF, 0xFF, 0x15, 0x80, 0xFC, 0x07, 0x0A, 0x00, 0xFF, 0xFF, 0x1B, 0x80,
        0xFD, 0x07, 0x21, 0x00, 0xFF, 0xFF, 0x04, 0x80, 0xFE, 0x07, 0x21, 0x00, 0xFF, 0xFF, 0x05, 0x80,
        0xFF, 0x07, 0x21, 0x00, 0xFF, 0xFF, 0x06, 0x80, 0x00, 0x08, 0x21, 0x00, 0xFF, 0xFF, 0x07, 0x80,
        0x01, 0x08, 0x21, 0x00, 0xFF, 0xFF, 0x08, 0x80, 0x02, 0x08, 0x21, 0x00, 0xFF, 0xFF, 0x09, 0x80,
        0x03, 0x08, 0x21, 0x00, 0xFF, 0xFF, 0x0A, 0x80, 0x04, 0x08, 0x21, 0x00, 0xFF, 0xFF, 0x0B, 0x80,
        0x05, 0x08, 0x21, 0x00, 0xFF, 0xFF, 0x0C, 0x80, 0x06, 0x08, 0x21, 0x00, 0xFF, 0xFF, 0x0D, 0x80,
        0x07, 0x08, 0x22, 0x00, 0xFF, 0xFF, 0x07, 0x80, 0x08, 0x08, 0x22, 0x00, 0xFF, 0xFF, 0x08, 0x80,
        0x09, 0x08, 0x22, 0x00, 0xFF, 0xFF, 0x09, 0x80, 0x0A, 0x08, 0x22, 0x00, 0xFF, 0xFF, 0x0A, 0x80,
        0x0B, 0x08, 0x22, 0x00, 0xFF, 0xFF, 0x0B, 0x80, 0x0C, 0x08, 0x22, 0x00, 0xFF, 0xFF, 0x0C, 0x80,
        0x0D, 0x08, 0x22, 0x00, 0xFF, 0xFF, 0x0D, 0x80, 0x0E, 0x08, 0x22, 0x00, 0xFF, 0xFF, 0x0E, 0x80,
        0x0F, 0x08, 0x22, 0x00, 0xFF, 0xFF, 0x0F, 0x80, 0x10, 0x08, 0x22, 0x00, 0xFF, 0xFF, 0x10, 0x80,
        0x11, 0x08, 0x22, 0x00, 0xFF, 0xFF, 0x11, 0x80, 0x12, 0x08, 0x4F, 0x00, 0xFF, 0xFF, 0x0D, 0x80,
        0x13, 0x08, 0x4F, 0x00, 0xFF, 0xFF, 0x0E, 0x80, 0x14, 0x08, 0x4F, 0x00, 0xFF, 0xFF, 0x0F, 0x80,
        0x15, 0x08, 0x4F, 0x00, 0xFF, 0xFF, 0x10, 0x80, 0x16, 0x08, 0x4F, 0x00, 0xFF, 0xFF, 0x11, 0x80,
        0x17, 0x08, 0x4F, 0x00, 0xFF, 0xFF, 0x12, 0x80, 0x18, 0x08, 0x5A, 0x00, 0xFF, 0xFF, 0x01, 0x80,
        0x19, 0x08, 0x5A, 0x00, 0xFF, 0xFF, 0x02, 0x80, 0x1A, 0x08, 0x5A, 0x00, 0xFF, 0xFF, 0x03, 0x80,
        0x1B, 0x08, 0x5A, 0x00, 0xFF, 0xFF, 0x04, 0x80, 0x1C, 0x08, 0x5A, 0x00, 0xFF, 0xFF, 0x05, 0x80,
        0x1D, 0x08, 0x5A, 0x00, 0xFF, 0xFF, 0x06, 0x80, 0x1E, 0x08, 0x5A, 0x00, 0xFF, 0xFF, 0x07, 0x80,
        0x1F, 0x08, 0x5A, 0x00, 0xFF, 0xFF, 0x08, 0x80, 0x20, 0x08, 0x5A, 0x00, 0xFF, 0xFF, 0x09, 0x80,
        0x21, 0x08, 0x5A, 0x00, 0xFF, 0xFF, 0x0A, 0x80, 0x22, 0x08, 0x5D, 0x00, 0xFF, 0xFF, 0x01, 0x80,
        0x23, 0x08, 0x5D, 0x00, 0xFF, 0xFF, 0x02, 0x80, 0x24, 0x08, 0x5D, 0x00, 0xFF, 0xFF, 0x03, 0x80,
        0x25, 0x08, 0x5D, 0x00, 0xFF, 0xFF, 0x04, 0x80, 0x26, 0x08, 0x5D, 0x00, 0xFF, 0xFF, 0x05, 0x80,
        0x27, 0x08, 0x5D, 0x00, 0xFF, 0xFF, 0x06, 0x80, 0x28, 0x08, 0x5D, 0x00, 0xFF, 0xFF, 0x07, 0x80,
        0x29, 0x08, 0x5D, 0x00, 0xFF, 0xFF, 0x08, 0x80, 0x2A, 0x08, 0x5D, 0x00, 0xFF, 0xFF, 0x09, 0x80,
        0x2B, 0x08, 0x5D, 0x00, 0xFF, 0xFF, 0x0A, 0x80, 0x2C, 0x08, 0x64, 0x00, 0xFF, 0xFF, 0x01, 0x80,
        0x2D, 0x08, 0x64, 0x00, 0xFF, 0xFF, 0x02, 0x80, 0x2E, 0x08, 0x64, 0x00, 0xFF, 0xFF, 0x03, 0x80,
        0x2F, 0x08, 0x64, 0x00, 0xFF, 0xFF, 0x04, 0x80, 0x30, 0x08, 0x64, 0x00, 0xFF, 0xFF, 0x05, 0x80,
        0x31, 0x08, 0x64, 0x00, 0xFF, 0xFF, 0x06, 0x80, 0x32, 0x08, 0x64, 0x00, 0xFF, 0xFF, 0x07, 0x80,
        0x33, 0x08, 0x64, 0x00, 0xFF, 0xFF, 0x08, 0x80, 0x34, 0x08, 0x64, 0x00, 0xFF, 0xFF, 0x09, 0x80,
        0x35, 0x08, 0x64, 0x00, 0xFF, 0xFF, 0x0A, 0x80, 0x36, 0x08, 0x64, 0x00, 0xFF, 0xFF, 0x0B, 0x80,
        0x37, 0x08, 0x64, 0x00, 0xFF, 0xFF, 0x0C, 0x80, 0x42, 0x08, 0xF0, 0x00, 0xFF, 0xFF, 0x29, 0x80,
        0x43, 0x08, 0xF0, 0x00, 0xFF, 0xFF, 0x2A, 0x80, 0x44, 0x08, 0xF0, 0x00, 0xFF, 0xFF, 0x2B, 0x80,
        0x45, 0x08, 0xF0, 0x00, 0xFF, 0xFF, 0x2C, 0x80, 0x46, 0x08, 0xF0, 0x00, 0xFF, 0xFF, 0x2D, 0x80,
        0x47, 0x08, 0x11, 0x01, 0xFF, 0xFF, 0x00, 0x80, 0x48, 0x08, 0x12, 0x01, 0xFF, 0xFF, 0x00, 0x80,
        0x49, 0x08, 0xD4, 0x02, 0xFF, 0xFF, 0x00, 0x80, 0x4A, 0x08, 0xD4, 0x02, 0xFF, 0xFF, 0x00, 0x80,
        0x4B, 0x08, 0xD4, 0x02, 0xFF, 0xFF, 0x00, 0x80, 0x4C, 0x08, 0x5A, 0x00, 0xFF, 0xFF, 0x0B, 0x80,
        0x4D, 0x08, 0x5A, 0x00, 0xFF, 0xFF, 0x0C, 0x80, 0x4E, 0x08, 0x5A, 0x00, 0xFF, 0xFF, 0x0D, 0x80,
        0x4F, 0x08, 0x5A, 0x00, 0xFF, 0xFF, 0x0E, 0x80, 0x50, 0x08, 0x5A, 0x00, 0xFF, 0xFF, 0x0F, 0x80,
        0x51, 0x08, 0x5D, 0x00, 0xFF, 0xFF, 0x0B, 0x80, 0x52, 0x08, 0x5D, 0x00, 0xFF, 0xFF, 0x0C, 0x80,
        0x53, 0x08, 0x5D, 0x00, 0xFF, 0xFF, 0x0D, 0x80, 0x54, 0x08, 0x5D, 0x00, 0xFF, 0xFF, 0x0E, 0x80,
        0x55, 0x08, 0x5D, 0x00, 0xFF, 0xFF, 0x0F, 0x80, 0x56, 0x08, 0x5D, 0x00, 0xFF, 0xFF, 0x10, 0x80,
        0x57, 0x08, 0x65, 0x00, 0xFF, 0xFF, 0x12, 0x80, 0x58, 0x08, 0x65, 0x00, 0xFF, 0xFF, 0x13, 0x80,
        0x59, 0x08, 0x65, 0x00, 0xFF, 0xFF, 0x14, 0x80, 0x5A, 0x08, 0x65, 0x00, 0xFF, 0xFF, 0x15, 0x80,
        0x5B, 0x08, 0x4F, 0x00, 0xFF, 0xFF, 0x13, 0x80, 0x5C, 0x08, 0x4F, 0x00, 0xFF, 0xFF, 0x14, 0x80,
        0x5D, 0x08, 0x22, 0x00, 0xFF, 0xFF, 0x12, 0x80, 0x5E, 0x08, 0x22, 0x00, 0xFF, 0xFF, 0x13, 0x80,
        0x5F, 0x08, 0x22, 0x00, 0xFF, 0xFF, 0x14, 0x80, 0x60, 0x08, 0x22, 0x00, 0xFF, 0xFF, 0x15, 0x80,
        0x61, 0x08, 0x2A, 0x00, 0xFF, 0xFF, 0x16, 0x80, 0x62, 0x08, 0x2A, 0x00, 0xFF, 0xFF, 0x17, 0x80,
        0x63, 0x08, 0x2A, 0x00, 0xFF, 0xFF, 0x18, 0x80, 0x64, 0x08, 0x2A, 0x00, 0xFF, 0xFF, 0x19, 0x80,
        0x65, 0x08, 0x64, 0x00, 0xFF, 0xFF, 0x0D, 0x80, 0x66, 0x08, 0x64, 0x00, 0xFF, 0xFF, 0x0E, 0x80,
        0x67, 0x08, 0x64, 0x00, 0xFF, 0xFF, 0x0F, 0x80, 0x68, 0x08, 0x64, 0x00, 0xFF, 0xFF, 0x10, 0x80,
        0x69, 0x08, 0x21, 0x00, 0xFF, 0xFF, 0x0E, 0x80, 0x6A, 0x08, 0x21, 0x00, 0xFF, 0xFF, 0x0F, 0x80,
        0x6B, 0x08, 0x21, 0x00, 0xFF, 0xFF, 0x10, 0x80, 0x6C, 0x08, 0xD4, 0x02, 0xFF, 0xFF, 0x00, 0x80,
        0x6D, 0x08, 0xD4, 0x02, 0xFF, 0xFF, 0x00, 0x80, 0x6E, 0x08, 0xFF, 0xFF, 0x85, 0x00, 0x00, 0x80,
        0x6F, 0x08, 0xFF, 0xFF, 0x86, 0x00, 0x00, 0x80, 0x70, 0x08, 0xFF, 0xFF, 0x87, 0x00, 0x00, 0x80,
        0x72, 0x08, 0x13, 0x01, 0xFF, 0xFF, 0x00, 0x80, 0x73, 0x08, 0x14, 0x01, 0xFF, 0xFF, 0x00, 0x80,
        0x74, 0x08, 0x15, 0x01, 0xFF, 0xFF, 0x00, 0x80, 0x75, 0x08, 0x16, 0x01, 0xFF, 0xFF, 0x00, 0x80,
        0x76, 0x08, 0x17, 0x01, 0xFF, 0xFF, 0x00, 0x80, 0x77, 0x08, 0x18, 0x01, 0xFF, 0xFF, 0x00, 0x80,
        0x78, 0x08, 0x19, 0x01, 0xFF, 0xFF, 0x00, 0x80, 0x79, 0x08, 0xFF, 0xFF, 0x88, 0x00, 0x00, 0x80,
        0x7A, 0x08, 0xFF, 0xFF, 0x89, 0x00, 0x00, 0x80, 0x7B, 0x08, 0xC7, 0x00, 0xFF, 0xFF, 0x00, 0x80,
        0x7C, 0x08, 0x1B, 0x01, 0xFF, 0xFF, 0x00, 0x80, 0x7D, 0x08, 0x1C, 0x01, 0xFF, 0xFF, 0x00, 0x80,
        0x7E, 0x08, 0x1D, 0x01, 0xFF, 0xFF, 0x00, 0x80, 0x7F, 0x08, 0x1E, 0x01, 0xFF, 0xFF, 0x00, 0x80,
        0x81, 0x08, 0x1F, 0x01, 0xFF, 0xFF, 0x00, 0x80, 0x82, 0x08, 0x20, 0x01, 0xFF, 0xFF, 0x00, 0x80,
        0x83, 0x08, 0x21, 0x01, 0xFF, 0xFF, 0x00, 0x80, 0x84, 0x08, 0x22, 0x01, 0xFF, 0xFF, 0x00, 0x80,
        0x85, 0x08, 0x23, 0x01, 0xFF, 0xFF, 0x00, 0x80, 0x86, 0x08, 0x24, 0x01, 0xFF, 0xFF, 0x00, 0x80,
        0x87, 0x08, 0x25, 0x01, 0xFF, 0xFF, 0x00, 0x80, 0x88, 0x08, 0x26, 0x01, 0xFF, 0xFF, 0x00, 0x80,
        0x89, 0x08, 0x27, 0x01, 0xFF, 0xFF, 0x00, 0x80, 0x8A, 0x08, 0x28, 0x01, 0xFF, 0xFF, 0x00, 0x80,
        0x8B, 0x08, 0x29, 0x01, 0xFF, 0xFF, 0x00, 0x80, 0x8E, 0x08, 0x2A, 0x01, 0xFF, 0xFF, 0x00, 0x80,
        0x8F, 0x08, 0x2B, 0x01, 0xFF, 0xFF, 0x00, 0x80, 0x90, 0x08, 0x2C, 0x01, 0xFF, 0xFF, 0x00, 0x80,
        0x91, 0x08, 0x2D, 0x01, 0xFF, 0xFF, 0x00, 0x80, 0x92, 0x08, 0x2E, 0x01, 0xFF, 0xFF, 0x00, 0x80,
        0x93, 0x08, 0x2F, 0x01, 0xFF, 0xFF, 0x00, 0x80, 0x94, 0x08, 0x30, 0x01, 0xFF, 0xFF, 0x00, 0x80,
        0x95, 0x08, 0x31, 0x01, 0xFF, 0xFF, 0x00, 0x80, 0x96, 0x08, 0x32, 0x01, 0xFF, 0xFF, 0x00, 0x80,
        0x9B, 0x08, 0x33, 0x01, 0xFF, 0xFF, 0x00, 0x80, 0x9C, 0x08, 0x34, 0x01, 0xFF, 0xFF, 0x00, 0x80,
        0x9D, 0x08, 0xD4, 0x02, 0xFF, 0xFF, 0x00, 0x80, 0x9E, 0x08, 0x35, 0x01, 0xFF, 0xFF, 0x00, 0x80,
        0x9F, 0x08, 0x36, 0x01, 0xFF, 0xFF, 0x00, 0x80, 0xA2, 0x08, 0xFF, 0xFF, 0x8A, 0x00, 0x00, 0x80,
        0xA3, 0x08, 0xFF, 0xFF, 0x8B, 0x00, 0x00, 0x80, 0xA4, 0x08, 0xFF, 0xFF, 0x8C, 0x00, 0x00, 0x80,
        0xA5, 0x08, 0xFF, 0xFF, 0x8D, 0x00, 0x00, 0x80, 0xB0, 0x08, 0x22, 0x00, 0xFF, 0xFF, 0x16, 0x80,
        0xB1, 0x08, 0x5D, 0x00, 0xFF, 0xFF, 0x11, 0x80, 0xB2, 0x08, 0x2A, 0x00, 0xFF, 0xFF, 0x1A, 0x80,
        0xB3, 0x08, 0x64, 0x00, 0xFF, 0xFF, 0x11, 0x80, 0xB4, 0x08, 0x0F, 0x00, 0xFF, 0xFF, 0x1B, 0x80,
        0xB5, 0x08, 0x12, 0x00, 0xFF, 0xFF, 0x12, 0x80, 0xB6, 0x08, 0x15, 0x00, 0xFF, 0xFF, 0x1C, 0x80,
        0xB7, 0x08, 0x4F, 0x00, 0xFF, 0xFF, 0x15, 0x80, 0xB8, 0x08, 0x5A, 0x00, 0xFF, 0xFF, 0x10, 0x80,
        0xB9, 0x08, 0x65, 0x00, 0xFF, 0xFF, 0x16, 0x80, 0xBA, 0x08, 0x0D, 0x00, 0xFF, 0xFF, 0x05, 0x80,
        0xBB, 0x08, 0x67, 0x00, 0xFF, 0xFF, 0x01, 0x80, 0xBC, 0x08, 0x21, 0x00, 0xFF, 0xFF, 0x11, 0x80,
        0xBD, 0x08, 0x68, 0x00, 0xFF, 0xFF, 0x01, 0x80, 0xBE, 0x08, 0x68, 0x00, 0xFF, 0xFF, 0x02, 0x80,
        0xBF, 0x08, 0x68, 0x00, 0xFF, 0xFF, 0x03, 0x80, 0xC0, 0x08, 0x68, 0x00, 0xFF, 0xFF, 0x04, 0x80,
        0xC1, 0x08, 0x68, 0x00, 0xFF, 0xFF, 0x05, 0x80, 0xC2, 0x08, 0x67, 0x00, 0xFF, 0xFF, 0x02, 0x80,
        0xC3, 0x08, 0x67, 0x00, 0xFF, 0xFF, 0x03, 0x80, 0xC4, 0x08, 0x0D, 0x00, 0xFF, 0xFF, 0x06, 0x80,
        0xC5, 0x08, 0x57, 0x00, 0xFF, 0xFF, 0x05, 0x80, 0xC6, 0x08, 0x57, 0x00, 0xFF, 0xFF, 0x06, 0x80,
        0xC7, 0x08, 0x57, 0x00, 0xFF, 0xFF, 0x07, 0x80, 0xC8, 0x08, 0x0E, 0x00, 0xFF, 0xFF, 0x18, 0x80,
        0xC9, 0x08, 0x15, 0x00, 0xFF, 0xFF, 0x1D, 0x80, 0xCA, 0x08, 0x15, 0x00, 0xFF, 0xFF, 0x1E, 0x80,
        0xCB, 0x08, 0x12, 0x00, 0xFF, 0xFF, 0x13, 0x80, 0xCC, 0x08, 0x12, 0x00, 0xFF, 0xFF, 0x14, 0x80,
        0xCD, 0x08, 0x12, 0x00, 0xFF, 0xFF, 0x15, 0x80, 0xCE, 0x08, 0x57, 0x00, 0xFF, 0xFF, 0x08, 0x80,
        0xCF, 0x08, 0x57, 0x00, 0xFF, 0xFF, 0x09, 0x80, 0xD0, 0x08, 0x57, 0x00, 0xFF, 0xFF, 0x0A, 0x80,
        0xD1, 0x08, 0x0D, 0x00, 0xFF, 0xFF, 0x07, 0x80, 0xD2, 0x08, 0x0D, 0x00, 0xFF, 0xFF, 0x08, 0x80,
        0xD3, 0x08, 0x0E, 0x00, 0xFF, 0xFF, 0x19, 0x80, 0xD4, 0x08, 0x37, 0x01, 0xFF, 0xFF, 0x00, 0x80,
        0xD5, 0x08, 0x38, 0x01, 0xFF, 0xFF, 0x00, 0x80, 0xD6, 0x08, 0x39, 0x01, 0xFF, 0xFF, 0x00, 0x80,
        0xD7, 0x08, 0xFF, 0xFF, 0x8E, 0x00, 0x00, 0x80, 0xD8, 0x08, 0xFF, 0xFF, 0x8F, 0x00, 0x00, 0x80,
        0xD9, 0x08, 0x0A, 0x00, 0xFF, 0xFF, 0x1C, 0x80, 0xDF, 0x08, 0xFF, 0xFF, 0x90, 0x00, 0x00, 0x80,
        0xE2, 0x08, 0x04, 0x00, 0xFF, 0xFF, 0x0C, 0x80, 0xE9, 0x08, 0xF2, 0x00, 0xFF, 0xFF, 0x16, 0x80,
        0xEA, 0x08, 0xF2, 0x00, 0xFF, 0xFF, 0x17, 0x80, 0xEB, 0x08, 0xF2, 0x00, 0xFF, 0xFF, 0x18, 0x80,
        0xF0, 0x08, 0x0F, 0x00, 0xFF, 0xFF, 0x1C, 0x80, 0x1D, 0x09, 0xFF, 0xFF, 0x91, 0x00, 0x00, 0x80,
        0x1E, 0x09, 0x78, 0x01, 0xFF, 0xFF, 0x00, 0x80, 0x1F, 0x09, 0x78, 0x01, 0xFF, 0xFF, 0x01, 0x80,
        0x20, 0x09, 0x78, 0x01, 0xFF, 0xFF, 0x02, 0x80, 0x24, 0x09, 0x3A, 0x01, 0xFF, 0xFF, 0x00, 0x80,
        0x35, 0x09, 0x52, 0x00, 0xFF, 0xFF, 0x06, 0x80, 0x48, 0x09, 0x57, 0x00, 0xFF, 0xFF, 0x0B, 0x80,
        0x49, 0x09, 0x57, 0x00, 0xFF, 0xFF, 0x0C, 0x80, 0x4A, 0x09, 0x57, 0x00, 0xFF, 0xFF, 0x0D, 0x80,
        0x4B, 0x09, 0x57, 0x00, 0xFF, 0xFF, 0x0E, 0x80, 0x4C, 0x09, 0x57, 0x00, 0xFF, 0xFF, 0x0F, 0x80,
        0x4D, 0x09, 0x57, 0x00, 0xFF, 0xFF, 0x10, 0x80, 0x4E, 0x09, 0x57, 0x00, 0xFF, 0xFF, 0x11, 0x80,
        0x4F, 0x09, 0x57, 0x00, 0xFF, 0xFF, 0x12, 0x80, 0x50, 0x09, 0x57, 0x00, 0xFF, 0xFF, 0x13, 0x80,
        0x51, 0x09, 0x57, 0x00, 0xFF, 0xFF, 0x14, 0x80, 0x52, 0x09, 0x58, 0x00, 0xFF, 0xFF, 0x05, 0x80,
        0x53, 0x09, 0x58, 0x00, 0xFF, 0xFF, 0x06, 0x80, 0x54, 0x09, 0x58, 0x00, 0xFF, 0xFF, 0x07, 0x80,
        0x55, 0x09, 0x58, 0x00, 0xFF, 0xFF, 0x08, 0x80, 0x56, 0x09, 0x58, 0x00, 0xFF, 0xFF, 0x09, 0x80,
        0x57, 0x09, 0x58, 0x00, 0xFF, 0xFF, 0x0A, 0x80, 0x58, 0x09, 0x58, 0x00, 0xFF, 0xFF, 0x0B, 0x80,
        0x59, 0x09, 0x58, 0x00, 0xFF, 0xFF, 0x0C, 0x80, 0x5A, 0x09, 0x58, 0x00, 0xFF, 0xFF, 0x0D, 0x80,
        0x5B, 0x09, 0x58, 0x00, 0xFF, 0xFF, 0x0E, 0x80, 0x5C, 0x09, 0x58, 0x00, 0xFF, 0xFF, 0x0F, 0x80,
        0x5D, 0x09, 0x59, 0x00, 0xFF, 0xFF, 0x01, 0x80, 0x5E, 0x09, 0x59, 0x00, 0xFF, 0xFF, 0x02, 0x80,
        0x5F, 0x09, 0x59, 0x00, 0xFF, 0xFF, 0x03, 0x80, 0x60, 0x09, 0x59, 0x00, 0xFF, 0xFF, 0x04, 0x80,
        0x61, 0x09, 0x59, 0x00, 0xFF, 0xFF, 0x05, 0x80, 0x62, 0x09, 0x59, 0x00, 0xFF, 0xFF, 0x06, 0x80,
        0x63, 0x09, 0x59, 0x00, 0xFF, 0xFF, 0x07, 0x80, 0x64, 0x09, 0x59, 0x00, 0xFF, 0xFF, 0x08, 0x80,
        0x65, 0x09, 0x59, 0x00, 0xFF, 0xFF, 0x09, 0x80, 0x66, 0x09, 0x59, 0x00, 0xFF, 0xFF, 0x0A, 0x80,
        0x67, 0x09, 0x59, 0x00, 0xFF, 0xFF, 0x0B, 0x80, 0x68, 0x09, 0x59, 0x00, 0xFF, 0xFF, 0x0C, 0x80,
        0x69, 0x09, 0x59, 0x00, 0xFF, 0xFF, 0x0D, 0x80, 0x6A, 0x09, 0x59, 0x00, 0xFF, 0xFF, 0x0E, 0x80,
        0x6B, 0x09, 0x59, 0x00, 0xFF, 0xFF, 0x0F, 0x80, 0x6C, 0x09, 0x59, 0x00, 0xFF, 0xFF, 0x10, 0x80,
        0x6D, 0x09, 0x59, 0x00, 0xFF, 0xFF, 0x11, 0x80, 0x6E, 0x09, 0x59, 0x00, 0xFF, 0xFF, 0x12, 0x80,
        0x6F, 0x09, 0x59, 0x00, 0xFF, 0xFF, 0x13, 0x80, 0x70, 0x09, 0x59, 0x00, 0xFF, 0xFF, 0x14, 0x80,
        0x80, 0x09, 0xFF, 0xFF, 0x92, 0x00, 0x00, 0x80, 0x81, 0x09, 0xFF, 0xFF, 0x93, 0x00, 0x00, 0x80,
        0x82, 0x09, 0xFF, 0xFF, 0x94, 0x00, 0x00, 0x80, 0x83, 0x09, 0x3B, 0x01, 0xFF, 0xFF, 0x00, 0x80,
        0x87, 0x09, 0x3C, 0x01, 0xFF, 0xFF, 0x00, 0x80, 0x88, 0x09, 0x3D, 0x01, 0xFF, 0xFF, 0x00, 0x80,
        0x89, 0x09, 0x3E, 0x01, 0xFF, 0xFF, 0x00, 0x80, 0x8A, 0x09, 0xF0, 0x00, 0xFF, 0xFF, 0x2E, 0x80,
        0x8B, 0x09, 0xF0, 0x00, 0xFF, 0xFF, 0x2F, 0x80, 0x8C, 0x09, 0xF0, 0x00, 0xFF, 0xFF, 0x30, 0x80,
        0x8D, 0x09, 0xF0, 0x00, 0xFF, 0xFF, 0x31, 0x80, 0x8E, 0x09, 0xF0, 0x00, 0xFF, 0xFF, 0x32, 0x80,
        0x8F, 0x09, 0xF0, 0x00, 0xFF, 0xFF, 0x33, 0x80, 0x90, 0x09, 0xF0, 0x00, 0xFF, 0xFF, 0x34, 0x80,
        0x91, 0x09, 0xF0, 0x00, 0xFF, 0xFF, 0x35, 0x80, 0xB9, 0x09, 0xF0, 0x00, 0xFF, 0xFF, 0x36, 0x80,
        0xBA, 0x09, 0x3F, 0x01, 0xFF, 0xFF, 0x00, 0x80, 0xBC, 0x09, 0x3A, 0x01, 0xFF, 0xFF, 0x01, 0x80,
        0xBF, 0x09, 0xF2, 0x00, 0xFF, 0xFF, 0x19, 0x80, 0xC0, 0x09, 0x40, 0x01, 0xFF, 0xFF, 0x00, 0x80,
        0xC1, 0x09, 0xF2, 0x00, 0xFF, 0xFF, 0x1A, 0x80, 0xC7, 0x09, 0x41, 0x01, 0xFF, 0xFF, 0x00, 0x80,
        0xC8, 0x09, 0x42, 0x01, 0xFF, 0xFF, 0x00, 0x80, 0xC9, 0x09, 0xFF, 0xFF, 0x95, 0x00, 0x00, 0x80,
        0xCA, 0x09, 0xFF, 0xFF, 0x97, 0x00, 0x00, 0x80, 0xCB, 0x09, 0xFF, 0xFF, 0x96, 0x00, 0x00, 0x80,
        0xCC, 0x09, 0xFF, 0xFF, 0x98, 0x00, 0x00, 0x80, 0xD6, 0x09, 0x13, 0x00, 0xFF, 0xFF, 0x11, 0x80,
        0xD7, 0x09, 0x5A, 0x00, 0xFF, 0xFF, 0x11, 0x80, 0xD8, 0x09, 0x4F, 0x00, 0xFF, 0xFF, 0x16, 0x80,
        0xD9, 0x09, 0x59, 0x00, 0xFF, 0xFF, 0x15, 0x80, 0xDA, 0x09, 0x64, 0x00, 0xFF, 0xFF, 0x12, 0x80,
        0xDB, 0x09, 0x21, 0x00, 0xFF, 0xFF, 0x12, 0x80, 0xDC, 0x09, 0x0F, 0x00, 0xFF, 0xFF, 0x1D, 0x80,
        0xDD, 0x09, 0x22, 0x00, 0xFF, 0xFF, 0x17, 0x80, 0xDE, 0x09, 0x15, 0x00, 0xFF, 0xFF, 0x1F, 0x80,
        0xDF, 0x09, 0x59, 0x00, 0xFF, 0xFF, 0x16, 0x80, 0xE0, 0x09, 0x0A, 0x00, 0xFF, 0xFF, 0x1D, 0x80,
        0xE1, 0x09, 0x58, 0x00, 0xFF, 0xFF, 0x10, 0x80, 0xE2, 0x09, 0x2A, 0x00, 0xFF, 0xFF, 0x1B, 0x80,
        0xE3, 0x09, 0x57, 0x00, 0xFF, 0xFF, 0x15, 0x80, 0xE4, 0x09, 0x0E, 0x00, 0xFF, 0xFF, 0x1A, 0x80,
        0xE5, 0x09, 0x5D, 0x00, 0xFF, 0xFF, 0x12, 0x80, 0xE6, 0x09, 0x12, 0x00, 0xFF, 0xFF, 0x16, 0x80,
        0xE8, 0x09, 0x65, 0x00, 0xFF, 0xFF, 0x17, 0x80, 0xE9, 0x09, 0x5A, 0x00, 0xFF, 0xFF, 0x12, 0x80,
        0xEA, 0x09, 0x4F, 0x00, 0xFF, 0xFF, 0x17, 0x80, 0xEB, 0x09, 0x59, 0x00, 0xFF, 0xFF, 0x17, 0x80,
        0xEC, 0x09, 0x65, 0x00, 0xFF, 0xFF, 0x18, 0x80, 0xED, 0x09, 0x64, 0x00, 0xFF, 0xFF, 0x13, 0x80,
        0xEE, 0x09, 0x21, 0x00, 0xFF, 0xFF, 0x13, 0x80, 0xEF, 0x09, 0x22, 0x00, 0xFF, 0xFF, 0x18, 0x80,
        0xF0, 0x09, 0x15, 0x00, 0xFF, 0xFF, 0x20, 0x80, 0xF1, 0x09, 0x58, 0x00, 0xFF, 0xFF, 0x11, 0x80,
        0xF2, 0x09, 0x2A, 0x00, 0xFF, 0xFF, 0x1C, 0x80, 0xF3, 0x09, 0x5D, 0x00, 0xFF, 0xFF, 0x13, 0x80,
        0xF4, 0x09, 0x57, 0x00, 0xFF, 0xFF, 0x16, 0x80, 0xF5, 0x09, 0x13, 0x00, 0xFF, 0xFF, 0x12, 0x80,
        0xF6, 0x09, 0x0E, 0x00, 0xFF, 0xFF, 0x1B, 0x80, 0xF8, 0x09, 0x5A, 0x00, 0xFF, 0xFF, 0x13, 0x80,
        0xF9, 0x09, 0x4F, 0x00, 0xFF, 0xFF, 0x18, 0x80, 0xFA, 0x09, 0x65, 0x00, 0xFF, 0xFF, 0x19, 0x80,
        0xFB, 0x09, 0x64, 0x00, 0xFF, 0xFF, 0x14, 0x80, 0xFC, 0x09, 0x21, 0x00, 0xFF, 0xFF, 0x14, 0x80,
        0xFD, 0x09, 0x0F, 0x00, 0xFF, 0xFF, 0x1E, 0x80, 0xFE, 0x09, 0x22, 0x00, 0xFF, 0xFF, 0x19, 0x80,
        0xFF, 0x09, 0x15, 0x00, 0xFF, 0xFF, 0x21, 0x80, 0x00, 0x0A, 0x68, 0x00, 0xFF, 0xFF, 0x06, 0x80,
        0x01, 0x0A, 0x0A, 0x00, 0xFF, 0xFF, 0x1E, 0x80, 0x02, 0x0A, 0x58, 0x00, 0xFF, 0xFF, 0x12, 0x80,
        0x03, 0x0A, 0x5D, 0x00, 0xFF, 0xFF, 0x14, 0x80, 0x04, 0x0A, 0x2A, 0x00, 0xFF, 0xFF, 0x1D, 0x80,
        0x05, 0x0A, 0x57, 0x00, 0xFF, 0xFF, 0x17, 0x80, 0x06, 0x0A, 0x13, 0x00, 0xFF, 0xFF, 0x13, 0x80,
        0x07, 0x0A, 0x5A, 0x00, 0xFF, 0xFF, 0x14, 0x80, 0x08, 0x0A, 0x4F, 0x00, 0xFF, 0xFF, 0x19, 0x80,
        0x09, 0x0A, 0x65, 0x00, 0xFF, 0xFF, 0x1A, 0x80, 0x0A, 0x0A, 0x64, 0x00, 0xFF, 0xFF, 0x15, 0x80,
        0x0B, 0x0A, 0x21, 0x00, 0xFF, 0xFF, 0x15, 0x80, 0x0C, 0x0A, 0x0F, 0x00, 0xFF, 0xFF, 0x1F, 0x80,
        0x0D, 0x0A, 0x22, 0x00, 0xFF, 0xFF, 0x1A, 0x80, 0x0E, 0x0A, 0x15, 0x00, 0xFF, 0xFF, 0x22, 0x80,
        0x0F, 0x0A, 0x68, 0x00, 0xFF, 0xFF, 0x07, 0x80, 0x10, 0x0A, 0x0A, 0x00, 0xFF, 0xFF, 0x1F, 0x80,
        0x11, 0x0A, 0x58, 0x00, 0xFF, 0xFF, 0x13, 0x80, 0x12, 0x0A, 0x5D, 0x00, 0xFF, 0xFF, 0x15, 0x80,
        0x13, 0x0A, 0x2A, 0x00, 0xFF, 0xFF, 0x1E, 0x80, 0x14, 0x0A, 0x57, 0x00, 0xFF, 0xFF, 0x18, 0x80,
        0x15, 0x0A, 0x13, 0x00, 0xFF, 0xFF, 0x14, 0x80, 0x16, 0x0A, 0x59, 0x00, 0xFF, 0xFF, 0x19, 0x80,
        0x17, 0x0A, 0x0E, 0x00, 0xFF, 0xFF, 0x1D, 0x80, 0x1D, 0x0A, 0xF0, 0x00, 0xFF, 0xFF, 0x37, 0x80,
        0x1F, 0x0A, 0x68, 0x00, 0xFF, 0xFF, 0x08, 0x80, 0x20, 0x0A, 0x68, 0x00, 0xFF, 0xFF, 0x09, 0x80,
        0x21, 0x0A, 0x68, 0x00, 0xFF, 0xFF, 0x0A, 0x80, 0x22, 0x0A, 0x68, 0x00, 0xFF, 0xFF, 0x0B, 0x80,
        0x23, 0x0A, 0x68, 0x00, 0xFF, 0xFF, 0x0C, 0x80, 0x24, 0x0A, 0x68, 0x00, 0xFF, 0xFF, 0x0D, 0x80,
        0x25, 0x0A, 0x68, 0x00, 0xFF, 0xFF, 0x0E, 0x80, 0x26, 0x0A, 0x68, 0x00, 0xFF, 0xFF, 0x0F, 0x80,
        0x27, 0x0A, 0x68, 0x00, 0xFF, 0xFF, 0x10, 0x80, 0x28, 0x0A, 0x68, 0x00, 0xFF, 0xFF, 0x11, 0x80,
        0x29, 0x0A, 0x68, 0x00, 0xFF, 0xFF, 0x12, 0x80, 0x2A, 0x0A, 0x68, 0x00, 0xFF, 0xFF, 0x13, 0x80,
        0x2B, 0x0A, 0x68, 0x00, 0xFF, 0xFF, 0x14, 0x80, 0x2C, 0x0A, 0x68, 0x00, 0xFF, 0xFF, 0x15, 0x80,
        0x2D, 0x0A, 0x68, 0x00, 0xFF, 0xFF, 0x16, 0x80, 0x2E, 0x0A, 0x68, 0x00, 0xFF, 0xFF, 0x17, 0x80,
        0x34, 0x0A, 0x15, 0x00, 0xFF, 0xFF, 0x23, 0x80, 0x35, 0x0A, 0x15, 0x00, 0xFF, 0xFF, 0x25, 0x80,
        0x36, 0x0A, 0x15, 0x00, 0xFF, 0xFF, 0x27, 0x80, 0x37, 0x0A, 0x15, 0x00, 0xFF, 0xFF, 0x29, 0x80,
        0x38, 0x0A, 0x15, 0x00, 0xFF, 0xFF, 0x2A, 0x80, 0x39, 0x0A, 0x15, 0x00, 0xFF, 0xFF, 0x2B, 0x80,
        0x3A, 0x0A, 0x15, 0x00, 0xFF, 0xFF, 0x2C, 0x80, 0x3B, 0x0A, 0x15, 0x00, 0xFF, 0xFF, 0x2D, 0x80,
        0x3C, 0x0A, 0x15, 0x00, 0xFF, 0xFF, 0x2E, 0x80, 0x41, 0x0A, 0x44, 0x01, 0xFF, 0xFF, 0x00, 0x80,
        0x42, 0x0A, 0x44, 0x01, 0xFF, 0xFF, 0x03, 0x80, 0x43, 0x0A, 0x13, 0x00, 0xFF, 0xFF, 0x15, 0x80,
        0x44, 0x0A, 0x13, 0x00, 0xFF, 0xFF, 0x16, 0x80, 0x45, 0x0A, 0x13, 0x00, 0xFF, 0xFF, 0x17, 0x80,
        0x46, 0x0A, 0x13, 0x00, 0xFF, 0xFF, 0x18, 0x80, 0x47, 0x0A, 0x12, 0x00, 0xFF, 0xFF, 0x18, 0x80,
        0x48, 0x0A, 0x12, 0x00, 0xFF, 0xFF, 0x19, 0x80, 0x49, 0x0A, 0x12, 0x00, 0xFF, 0xFF, 0x1A, 0x80,
        0x4A, 0x0A, 0x59, 0x00, 0xFF, 0xFF, 0x1A, 0x80, 0x4B, 0x0A, 0x59, 0x00, 0xFF, 0xFF, 0x1B, 0x80,
        0x4C, 0x0A, 0x59, 0x00, 0xFF, 0xFF, 0x1C, 0x80, 0x4D, 0x0A, 0x58, 0x00, 0xFF, 0xFF, 0x14, 0x80,
        0x4E, 0x0A, 0x58, 0x00, 0xFF, 0xFF, 0x15, 0x80, 0x4F, 0x0A, 0x58, 0x00, 0xFF, 0xFF, 0x16, 0x80,
        0x50, 0x0A, 0x58, 0x00, 0xFF, 0xFF, 0x17, 0x80, 0x51, 0x0A, 0x2A, 0x00, 0xFF, 0xFF, 0x1F, 0x80,
        0x52, 0x0A, 0x2A, 0x00, 0xFF, 0xFF, 0x20, 0x80, 0x53, 0x0A, 0x5D, 0x00, 0xFF, 0xFF, 0x16, 0x80,
        0x54, 0x0A, 0x5D, 0x00, 0xFF, 0xFF, 0x17, 0x80, 0x55, 0x0A, 0x5D, 0x00, 0xFF, 0xFF, 0x18, 0x80,
        0x56, 0x0A, 0x5D, 0x00, 0xFF, 0xFF, 0x19, 0x80, 0x57, 0x0A, 0x5D, 0x00, 0xFF, 0xFF, 0x1A, 0x80,
        0x58, 0x0A, 0x21, 0x00, 0xFF, 0xFF, 0x16, 0x80, 0x59, 0x0A, 0x21, 0x00, 0xFF, 0xFF, 0x17, 0x80,
        0x5A, 0x0A, 0x21, 0x00, 0xFF, 0xFF, 0x18, 0x80, 0x5B, 0x0A, 0x21, 0x00, 0xFF, 0xFF, 0x19, 0x80,
        0x5C, 0x0A, 0x22, 0x00, 0xFF, 0xFF, 0x1B, 0x80, 0x5D, 0x0A, 0x22, 0x00, 0xFF, 0xFF, 0x1C, 0x80,
        0x5E, 0x0A, 0x22, 0x00, 0xFF, 0xFF, 0x1D, 0x80, 0x5F, 0x0A, 0x22, 0x00, 0xFF, 0xFF, 0x1E, 0x80,
        0x60, 0x0A, 0x22, 0x00, 0xFF, 0xFF, 0x1F, 0x80, 0x61, 0x0A, 0x22, 0x00, 0xFF, 0xFF, 0x20, 0x80,
        0x62, 0x0A, 0x5A, 0x00, 0xFF, 0xFF, 0x15, 0x80, 0x63, 0x0A, 0x5A, 0x00, 0xFF, 0xFF, 0x16, 0x80,
        0x64, 0x0A, 0x5A, 0x00, 0xFF, 0xFF, 0x17, 0x80, 0x65, 0x0A, 0x5A, 0x00, 0xFF, 0xFF, 0x18, 0x80,
        0x66, 0x0A, 0x5A, 0x00, 0xFF, 0xFF, 0x19, 0x80, 0x67, 0x0A, 0x5A, 0x00, 0xFF, 0xFF, 0x1A, 0x80,
        0x68, 0x0A, 0x64, 0x00, 0xFF, 0xFF, 0x16, 0x80, 0x69, 0x0A, 0x64, 0x00, 0xFF, 0xFF, 0x17, 0x80,
        0x6A, 0x0A, 0x64, 0x00, 0xFF, 0xFF, 0x18, 0x80, 0x6B, 0x0A, 0x64, 0x00, 0xFF, 0xFF, 0x19, 0x80,
        0x6C, 0x0A, 0x64, 0x00, 0xFF, 0xFF, 0x1A, 0x80, 0x6D, 0x0A, 0x4F, 0x00, 0xFF, 0xFF, 0x1A, 0x80,
        0x6E, 0x0A, 0x65, 0x00, 0xFF, 0xFF, 0x1B, 0x80, 0x6F, 0x0A, 0x57, 0x00, 0xFF, 0xFF, 0x19, 0x80,
        0x70, 0x0A, 0x69, 0x00, 0xFF, 0xFF, 0x32, 0x80, 0x71, 0x0A, 0xD4, 0x02, 0xFF, 0xFF, 0x00, 0x80,
        0x75, 0x0A, 0xFF, 0xFF, 0x99, 0x00, 0x00, 0x80, 0x76, 0x0A, 0xFF, 0xFF, 0x9D, 0x00, 0x00, 0x80,
        0x77, 0x0A, 0xFF, 0xFF, 0x9A, 0x00, 0x00, 0x80, 0x78, 0x0A, 0xFF, 0xFF, 0x9E, 0x00, 0x00, 0x80,
        0x79, 0x0A, 0xFF, 0xFF, 0x9B, 0x00, 0x00, 0x80, 0x7A, 0x0A, 0xFF, 0xFF, 0x9F, 0x00, 0x00, 0x80,
        0x7B, 0x0A, 0xFF, 0xFF, 0x9C, 0x00, 0x00, 0x80, 0x7C, 0x0A, 0xFF, 0xFF, 0xA0, 0x00, 0x00, 0x80,
        0x7D, 0x0A, 0xFF, 0xFF, 0xA4, 0x00, 0x00, 0x80, 0x7E, 0x0A, 0xFF, 0xFF, 0xA1, 0x00, 0x00, 0x80,
        0x7F, 0x0A, 0xFF, 0xFF, 0xA5, 0x00, 0x00, 0x80, 0x80, 0x0A, 0xFF, 0xFF, 0xA2, 0x00, 0x00, 0x80,
        0x81, 0x0A, 0xFF, 0xFF, 0xA6, 0x00, 0x00, 0x80, 0x82, 0x0A, 0xFF, 0xFF, 0xA3, 0x00, 0x00, 0x80,
        0x83, 0x0A, 0xFF, 0xFF, 0xA7, 0x00, 0x00, 0x80, 0x84, 0x0A, 0x45, 0x01, 0xFF, 0xFF, 0x00, 0x80,
        0x85, 0x0A, 0x46, 0x01, 0xFF, 0xFF, 0x00, 0x80, 0x86, 0x0A, 0x47, 0x01, 0xFF, 0xFF, 0x00, 0x80,
        0x87, 0x0A, 0x48, 0x01, 0xFF, 0xFF, 0x00, 0x80, 0x88, 0x0A, 0xFF, 0xFF, 0xA8, 0x00, 0x00, 0x80,
        0x89, 0x0A, 0x49, 0x01, 0xFF, 0xFF, 0x00, 0x80, 0x8A, 0x0A, 0xFF, 0xFF, 0xA9, 0x00, 0x00, 0x80,
        0x8B, 0x0A, 0xD7, 0x01, 0xFF, 0xFF, 0x00, 0x80, 0x8C, 0x0A, 0x4F, 0x01, 0xFF, 0xFF, 0x00, 0x80,
        0x8D, 0x0A, 0x50, 0x01, 0xFF, 0xFF, 0x00, 0x80, 0x8E, 0x0A, 0x51, 0x01, 0xFF, 0xFF, 0x00, 0x80,
        0x8F, 0x0A, 0x51, 0x01, 0xFF, 0xFF, 0x01, 0x80, 0x90, 0x0A, 0x51, 0x01, 0xFF, 0xFF, 0x02, 0x80,
        0x91, 0x0A, 0x51, 0x01, 0xFF, 0xFF, 0x03, 0x80, 0x92, 0x0A, 0x51, 0x01, 0xFF, 0xFF, 0x04, 0x80,
        0x93, 0x0A, 0x51, 0x01, 0xFF, 0xFF, 0x05, 0x80, 0x94, 0x0A, 0x51, 0x01, 0xFF, 0xFF, 0x06, 0x80,
        0x95, 0x0A, 0x51, 0x01, 0xFF, 0xFF, 0x07, 0x80, 0x96, 0x0A, 0x51, 0x01, 0xFF, 0xFF, 0x08, 0x80,
        0x97, 0x0A, 0x51, 0x01, 0xFF, 0xFF, 0x09, 0x80, 0x98, 0x0A, 0x51, 0x01, 0xFF, 0xFF, 0x0A, 0x80,
        0x99, 0x0A, 0x51, 0x01, 0xFF, 0xFF, 0x0B, 0x80, 0x9A, 0x0A, 0x51, 0x01, 0xFF, 0xFF, 0x0C, 0x80,
        0x9B, 0x0A, 0x51, 0x01, 0xFF, 0xFF, 0x0D, 0x80, 0x9C, 0x0A, 0x51, 0x01, 0xFF, 0xFF, 0x0E, 0x80,
        0x9D, 0x0A, 0x51, 0x01, 0xFF, 0xFF, 0x0F, 0x80, 0x9E, 0x0A, 0x51, 0x01, 0xFF, 0xFF, 0x10, 0x80,
        0x9F, 0x0A, 0x51, 0x01, 0xFF, 0xFF, 0x11, 0x80, 0xA0, 0x0A, 0x51, 0x01, 0xFF, 0xFF, 0x12, 0x80,
        0xA1, 0x0A, 0x51, 0x01, 0xFF, 0xFF, 0x13, 0x80, 0xA2, 0x0A, 0x51, 0x01, 0xFF, 0xFF, 0x14, 0x80,
        0xA3, 0x0A, 0x51, 0x01, 0xFF, 0xFF, 0x15, 0x80, 0xA4, 0x0A, 0x51, 0x01, 0xFF, 0xFF, 0x16, 0x80,
        0xA5, 0x0A, 0x51, 0x01, 0xFF, 0xFF, 0x17, 0x80, 0xA6, 0x0A, 0x51, 0x01, 0xFF, 0xFF, 0x18, 0x80,
        0xA7, 0x0A, 0x51, 0x01, 0xFF, 0xFF, 0x19, 0x80, 0xA8, 0x0A, 0x51, 0x01, 0xFF, 0xFF, 0x1A, 0x80,
        0xA9, 0x0A, 0x51, 0x01, 0xFF, 0xFF, 0x1B, 0x80, 0xAA, 0x0A, 0x51, 0x01, 0xFF, 0xFF, 0x1C, 0x80,
        0xAB, 0x0A, 0x51, 0x01, 0xFF, 0xFF, 0x1D, 0x80, 0xAC, 0x0A, 0x51, 0x01, 0xFF, 0xFF, 0x1E, 0x80,
        0xAD, 0x0A, 0x51, 0x01, 0xFF, 0xFF, 0x1F, 0x80, 0xAE, 0x0A, 0x51, 0x01, 0xFF, 0xFF, 0x20, 0x80,
        0xAF, 0x0A, 0x51, 0x01, 0xFF, 0xFF, 0x21, 0x80, 0xB0, 0x0A, 0x51, 0x01, 0xFF, 0xFF, 0x22, 0x80,
        0xB1, 0x0A, 0x51, 0x01, 0xFF, 0xFF, 0x23, 0x80, 0xB2, 0x0A, 0x52, 0x01, 0xFF, 0xFF, 0x00, 0x80,
        0xB3, 0x0A, 0x3A, 0x01, 0xFF, 0xFF, 0x02, 0x80, 0xB4, 0x0A, 0xD4, 0x02, 0xFF, 0xFF, 0x00, 0x80,
        0xB5, 0x0A, 0x53, 0x01, 0xFF, 0xFF, 0x00, 0x80, 0xB6, 0x0A, 0x8B, 0x00, 0xFF, 0xFF, 0x1F, 0x80,
        0xB7, 0x0A, 0x0E, 0x00, 0xFF, 0xFF, 0x1E, 0x80, 0xB8, 0x0A, 0x13, 0x00, 0xFF, 0xFF, 0x19, 0x80,
        0xBC, 0x0A, 0x15, 0x00, 0xFF, 0xFF, 0x2F, 0x80, 0xBF, 0x0A, 0x54, 0x01, 0xFF, 0xFF, 0x00, 0x80,
        0xC0, 0x0A, 0x55, 0x01, 0xFF, 0xFF, 0x00, 0x80, 0xC1, 0x0A, 0x56, 0x01, 0xFF, 0xFF, 0x00, 0x80,
        0xC2, 0x0A, 0x57, 0x01, 0xFF, 0xFF, 0x00, 0x80, 0xC3, 0x0A, 0x58, 0x01, 0xFF, 0xFF, 0x00, 0x80,
        0xE3, 0x0A, 0x59, 0x01, 0xFF, 0xFF, 0x00, 0x80, 0xE4, 0x0A, 0xFF, 0xFF, 0xAC, 0x00, 0x00, 0x80,
        0xE5, 0x0A, 0xFF, 0xFF, 0xAD, 0x00, 0x00, 0x80, 0xE6, 0x0A, 0xFF, 0xFF, 0xAE, 0x00, 0x00, 0x80,
        0xE7, 0x0A, 0xFF, 0xFF, 0xAF, 0x00, 0x00, 0x80, 0xE8, 0x0A, 0x5A, 0x01, 0xFF, 0xFF, 0x00, 0x80,
        0xE9, 0x0A, 0x5B, 0x01, 0xFF, 0xFF, 0x00, 0x80, 0xEA, 0x0A, 0x5C, 0x01, 0xFF, 0xFF, 0x00, 0x80,
        0xF9, 0x0A, 0x68, 0x00, 0xFF, 0xFF, 0x18, 0x80, 0xFA, 0x0A, 0x5A, 0x00, 0xFF, 0xFF, 0x1B, 0x80,
        0xFB, 0x0A, 0x4F, 0x00, 0xFF, 0xFF, 0x1B, 0x80, 0xFC, 0x0A, 0x0F, 0x00, 0xFF, 0xFF, 0x20, 0x80,
        0xFD, 0x0A, 0x22, 0x00, 0xFF, 0xFF, 0x21, 0x80, 0xFE, 0x0A, 0x15, 0x00, 0xFF, 0xFF, 0x30, 0x80,
        0xFF, 0x0A, 0x0A, 0x00, 0xFF, 0xFF, 0x20, 0x80, 0x00, 0x0B, 0x58, 0x00, 0xFF, 0xFF, 0x18, 0x80,
        0x01, 0x0B, 0x65, 0x00, 0xFF, 0xFF, 0x1C, 0x80, 0x02, 0x0B, 0x21, 0x00, 0xFF, 0xFF, 0x1A, 0x80,
        0x03, 0x0B, 0x5D, 0x00, 0xFF, 0xFF, 0x1B, 0x80, 0x04, 0x0B, 0x2A, 0x00, 0xFF, 0xFF, 0x21, 0x80,
        0x05, 0x0B, 0x57, 0x00, 0xFF, 0xFF, 0x1A, 0x80, 0x06, 0x0B, 0x13, 0x00, 0xFF, 0xFF, 0x1A, 0x80,
        0x07, 0x0B, 0x59, 0x00, 0xFF, 0xFF, 0x1D, 0x80, 0x08, 0x0B, 0x0E, 0x00, 0xFF, 0xFF, 0x1F, 0x80,
        0x09, 0x0B, 0x64, 0x00, 0xFF, 0xFF, 0x1B, 0x80, 0x0A, 0x0B, 0x12, 0x00, 0xFF, 0xFF, 0x1B, 0x80,
        0x0B, 0x0B, 0xAC, 0x00, 0xFF, 0xFF, 0x00, 0x80, 0x0C, 0x0B, 0xAC, 0x00, 0xFF, 0xFF, 0x01, 0x80,
        0x0D, 0x0B, 0xAC, 0x00, 0xFF, 0xFF, 0x02, 0x80, 0x0E, 0x0B, 0xAC, 0x00, 0xFF, 0xFF, 0x03, 0x80,
        0x0F, 0x0B, 0xAC, 0x00, 0xFF, 0xFF, 0x04, 0x80, 0x10, 0x0B, 0xAC, 0x00, 0xFF, 0xFF, 0x05, 0x80,
        0x11, 0x0B, 0xAC, 0x00, 0xFF, 0xFF, 0x06, 0x80, 0x12, 0x0B, 0xAC, 0x00, 0xFF, 0xFF, 0x07, 0x80,
        0x13, 0x0B, 0xAC, 0x00, 0xFF, 0xFF, 0x08, 0x80, 0x14, 0x0B, 0xAC, 0x00, 0xFF, 0xFF, 0x09, 0x80,
        0x15, 0x0B, 0xAC, 0x00, 0xFF, 0xFF, 0x0A, 0x80, 0x16, 0x0B, 0xAC, 0x00, 0xFF, 0xFF, 0x0B, 0x80,
        0x17, 0x0B, 0xAC, 0x00, 0xFF, 0xFF, 0x0C, 0x80, 0x18, 0x0B, 0xAC, 0x00, 0xFF, 0xFF, 0x0D, 0x80,
        0x19, 0x0B, 0xAC, 0x00, 0xFF, 0xFF, 0x0E, 0x80, 0x1A, 0x0B, 0xAC, 0x00, 0xFF, 0xFF, 0x0F, 0x80,
        0x1B, 0x0B, 0xAC, 0x00, 0xFF, 0xFF, 0x10, 0x80, 0x1C, 0x0B, 0xAC, 0x00, 0xFF, 0xFF, 0x11, 0x80,
        0x1D, 0x0B, 0xAC, 0x00, 0xFF, 0xFF, 0x12, 0x80, 0x1E, 0x0B, 0xAC, 0x00, 0xFF, 0xFF, 0x13, 0x80,
        0x1F, 0x0B, 0xAC, 0x00, 0xFF, 0xFF, 0x14, 0x80, 0x20, 0x0B, 0xAC, 0x00, 0xFF, 0xFF, 0x15, 0x80,
        0x21, 0x0B, 0xAC, 0x00, 0xFF, 0xFF, 0x16, 0x80, 0x22, 0x0B, 0xAC, 0x00, 0xFF, 0xFF, 0x17, 0x80,
        0x23, 0x0B, 0xAC, 0x00, 0xFF, 0xFF, 0x18, 0x80, 0x24, 0x0B, 0xAC, 0x00, 0xFF, 0xFF, 0x19, 0x80,
        0x25, 0x0B, 0xAC, 0x00, 0xFF, 0xFF, 0x1A, 0x80, 0x26, 0x0B, 0xAC, 0x00, 0xFF, 0xFF, 0x1B, 0x80,
        0x27, 0x0B, 0xAC, 0x00, 0xFF, 0xFF, 0x1C, 0x80, 0x2C, 0x0B, 0x5E, 0x01, 0xFF, 0xFF, 0x00, 0x80,
        0x2D, 0x0B, 0xFF, 0xFF, 0xB0, 0x00, 0x00, 0x80, 0x31, 0x0B, 0xF2, 0x00, 0xFF, 0xFF, 0x1B, 0x80,
        0x32, 0x0B, 0xF2, 0x00, 0xFF, 0xFF, 0x1C, 0x80, 0x33, 0x0B, 0xF2, 0x00, 0xFF, 0xFF, 0x1D, 0x80,
        0x34, 0x0B, 0x5F, 0x01, 0xFF, 0xFF, 0x00, 0x80, 0x49, 0x0B, 0xD4, 0x02, 0xFF, 0xFF, 0x00, 0x80,
        0x4A, 0x0B, 0xD4, 0x02, 0xFF, 0xFF, 0x00, 0x80, 0x4B, 0x0B, 0xD4, 0x02, 0xFF, 0xFF, 0x00, 0x80,
        0x4C, 0x0B, 0xD4, 0x02, 0xFF, 0xFF, 0x00, 0x80, 0x4D, 0x0B, 0xD4, 0x02, 0xFF, 0xFF, 0x00, 0x80,
        0x4E, 0x0B, 0xD4, 0x02, 0xFF, 0xFF, 0x00, 0x80, 0x4F, 0x0B, 0xD4, 0x02, 0xFF, 0xFF, 0x00, 0x80,
        0x51, 0x0B, 0x5B, 0x00, 0xFF, 0xFF, 0x6D, 0x80, 0x52, 0x0B, 0x5B, 0x00, 0xFF, 0xFF, 0x6E, 0x80,
        0x53, 0x0B, 0x5B, 0x00, 0xFF, 0xFF, 0x6F, 0x80, 0x54, 0x0B, 0x5B, 0x00, 0xFF, 0xFF, 0x70, 0x80,
        0x55, 0x0B, 0x5B, 0x00, 0xFF, 0xFF, 0x71, 0x80, 0x56, 0x0B, 0x5B, 0x00, 0xFF, 0xFF, 0x72, 0x80,
        0x57, 0x0B, 0x5B, 0x00, 0xFF, 0xFF, 0x73, 0x80, 0x58, 0x0B, 0x5B, 0x00, 0xFF, 0xFF, 0x74, 0x80,
        0x59, 0x0B, 0x5B, 0x00, 0xFF, 0xFF, 0x75, 0x80, 0x5A, 0x0B, 0x5B, 0x00, 0xFF, 0xFF, 0x76, 0x80,
        0x5B, 0x0B, 0x5B, 0x00, 0xFF, 0xFF, 0x77, 0x80, 0x5C, 0x0B, 0x5B, 0x00, 0xFF, 0xFF, 0x78, 0x80,
        0x5D, 0x0B, 0x5B, 0x00, 0xFF, 0xFF, 0x79, 0x80, 0x5E, 0x0B, 0x5B, 0x00, 0xFF, 0xFF, 0x7A, 0x80,
        0x5F, 0x0B, 0x5B, 0x00, 0xFF, 0xFF, 0x7B, 0x80, 0x60, 0x0B, 0x5B, 0x00, 0xFF, 0xFF, 0x7C, 0x80,
        0x61, 0x0B, 0x5B, 0x00, 0xFF, 0xFF, 0x7D, 0x80, 0x62, 0x0B, 0x5B, 0x00, 0xFF, 0xFF, 0x7E, 0x80,
        0x63, 0x0B, 0x5B, 0x00, 0xFF, 0xFF, 0x7F, 0x80, 0x64, 0x0B, 0x5B, 0x00, 0xFF, 0xFF, 0x80, 0x80,
        0x65, 0x0B, 0x5B, 0x00, 0xFF, 0xFF, 0x81, 0x80, 0x66, 0x0B, 0x5B, 0x00, 0xFF, 0xFF, 0x82, 0x80,
        0x67, 0x0B, 0x5B, 0x00, 0xFF, 0xFF, 0x83, 0x80, 0x68, 0x0B, 0x5B, 0x00, 0xFF, 0xFF, 0x84, 0x80,
        0x69, 0x0B, 0x5B, 0x00, 0xFF, 0xFF, 0x85, 0x80, 0x6A, 0x0B, 0x5B, 0x00, 0xFF, 0xFF, 0x86, 0x80,
        0x6B, 0x0B, 0x5B, 0x00, 0xFF, 0xFF, 0x87, 0x80, 0x6C, 0x0B, 0x5B, 0x00, 0xFF, 0xFF, 0x88, 0x80,
        0x6D, 0x0B, 0x5B, 0x00, 0xFF, 0xFF, 0x89, 0x80, 0x6E, 0x0B, 0x5B, 0x00, 0xFF, 0xFF, 0x8A, 0x80,
        0x6F, 0x0B, 0x5B, 0x00, 0xFF, 0xFF, 0x8B, 0x80, 0x70, 0x0B, 0x5B, 0x00, 0xFF, 0xFF, 0x8C, 0x80,
        0x71, 0x0B, 0x5B, 0x00, 0xFF, 0xFF, 0x8D, 0x80, 0x72, 0x0B, 0x5B, 0x00, 0xFF, 0xFF, 0x8E, 0x80,
        0x73, 0x0B, 0x5B, 0x00, 0xFF, 0xFF, 0x8F, 0x80, 0x74, 0x0B, 0x5B, 0x00, 0xFF, 0xFF, 0x90, 0x80,
        0x75, 0x0B, 0x5B, 0x00, 0xFF, 0xFF, 0x91, 0x80, 0x76, 0x0B, 0x5B, 0x00, 0xFF, 0xFF, 0x92, 0x80,
        0x77, 0x0B, 0x5B, 0x00, 0xFF, 0xFF, 0x93, 0x80, 0x78, 0x0B, 0x5B, 0x00, 0xFF, 0xFF, 0x94, 0x80,
        0x79, 0x0B, 0x5B, 0x00, 0xFF, 0xFF, 0x95, 0x80, 0x7A, 0x0B, 0x5B, 0x00, 0xFF, 0xFF, 0x96, 0x80,
        0x7B, 0x0B, 0x5B, 0x00, 0xFF, 0xFF, 0x97, 0x80, 0x7C, 0x0B, 0x5B, 0x00, 0xFF, 0xFF, 0x98, 0x80,
        0x7D, 0x0B, 0x5B, 0x00, 0xFF, 0xFF, 0x99, 0x80, 0x7E, 0x0B, 0x5B, 0x00, 0xFF, 0xFF, 0x9A, 0x80,
        0x7F, 0x0B, 0x5B, 0x00, 0xFF, 0xFF, 0x9B, 0x80, 0x80, 0x0B, 0x5B, 0x00, 0xFF, 0xFF, 0x9C, 0x80,
        0x81, 0x0B, 0x5B, 0x00, 0xFF, 0xFF, 0x9D, 0x80, 0x82, 0x0B, 0x5B, 0x00, 0xFF, 0xFF, 0x9E, 0x80,
        0x83, 0x0B, 0x5B, 0x00, 0xFF, 0xFF, 0x9F, 0x80, 0x84, 0x0B, 0x5B, 0x00, 0xFF, 0xFF, 0xA0, 0x80,
        0x85, 0x0B, 0x5B, 0x00, 0xFF, 0xFF, 0xA1, 0x80, 0x86, 0x0B, 0x5B, 0x00, 0xFF, 0xFF, 0xA2, 0x80,
        0x87, 0x0B, 0x5B, 0x00, 0xFF, 0xFF, 0xA3, 0x80, 0x88, 0x0B, 0x5B, 0x00, 0xFF, 0xFF, 0xA4, 0x80,
        0x89, 0x0B, 0x5B, 0x00, 0xFF, 0xFF, 0xA5, 0x80, 0x8A, 0x0B, 0x5B, 0x00, 0xFF, 0xFF, 0xA6, 0x80,
        0x8B, 0x0B, 0x5B, 0x00, 0xFF, 0xFF, 0xA7, 0x80, 0x8C, 0x0B, 0x5B, 0x00, 0xFF, 0xFF, 0xA8, 0x80,
        0x8D, 0x0B, 0x5B, 0x00, 0xFF, 0xFF, 0xA9, 0x80, 0x8E, 0x0B, 0x5B, 0x00, 0xFF, 0xFF, 0xAA, 0x80,
        0x8F, 0x0B, 0x5B, 0x00, 0xFF, 0xFF, 0xAB, 0x80, 0x90, 0x0B, 0x5B, 0x00, 0xFF, 0xFF, 0xAC, 0x80,
        0x91, 0x0B, 0x5B, 0x00, 0xFF, 0xFF, 0xAD, 0x80, 0x92, 0x0B, 0x5B, 0x00, 0xFF, 0xFF, 0xAE, 0x80,
        0x93, 0x0B, 0x5B, 0x00, 0xFF, 0xFF, 0xAF, 0x80, 0x94, 0x0B, 0x5B, 0x00, 0xFF, 0xFF, 0xB0, 0x80,
        0x95, 0x0B, 0x5B, 0x00, 0xFF, 0xFF, 0xB1, 0x80, 0x96, 0x0B, 0x5B, 0x00, 0xFF, 0xFF, 0xB2, 0x80,
        0x97, 0x0B, 0x5B, 0x00, 0xFF, 0xFF, 0xB3, 0x80, 0x98, 0x0B, 0x5B, 0x00, 0xFF, 0xFF, 0xB4, 0x80,
        0x99, 0x0B, 0x5B, 0x00, 0xFF, 0xFF, 0xB5, 0x80, 0x9A, 0x0B, 0x5B, 0x00, 0xFF, 0xFF, 0xB6, 0x80,
        0x9B, 0x0B, 0x5B, 0x00, 0xFF, 0xFF, 0xB7, 0x80, 0x9C, 0x0B, 0x5B, 0x00, 0xFF, 0xFF, 0xB8, 0x80,
        0x9D, 0x0B, 0x5B, 0x00, 0xFF, 0xFF, 0xB9, 0x80, 0x9E, 0x0B, 0x5B, 0x00, 0xFF, 0xFF, 0xBA, 0x80,
        0x9F, 0x0B, 0x5B, 0x00, 0xFF, 0xFF, 0xBB, 0x80, 0xA0, 0x0B, 0x5B, 0x00, 0xFF, 0xFF, 0xBC, 0x80,
        0xA1, 0x0B, 0x5B, 0x00, 0xFF, 0xFF, 0xBD, 0x80, 0xA2, 0x0B, 0x5B, 0x00, 0xFF, 0xFF, 0xBE, 0x80,
        0xA3, 0x0B, 0x5B, 0x00, 0xFF, 0xFF, 0xBF, 0x80, 0xA4, 0x0B, 0x5B, 0x00, 0xFF, 0xFF, 0xC0, 0x80,
        0xA5, 0x0B, 0x5B, 0x00, 0xFF, 0xFF, 0xC1, 0x80, 0xA6, 0x0B, 0x5B, 0x00, 0xFF, 0xFF, 0xC2, 0x80,
        0xA7, 0x0B, 0x5B, 0x00, 0xFF, 0xFF, 0xC3, 0x80, 0xA8, 0x0B, 0x5B, 0x00, 0xFF, 0xFF, 0xC4, 0x80,
        0xA9, 0x0B, 0x5B, 0x00, 0xFF, 0xFF, 0xC5, 0x80, 0xAA, 0x0B, 0x5B, 0x00, 0xFF, 0xFF, 0xC6, 0x80,
        0xAB, 0x0B, 0x5B, 0x00, 0xFF, 0xFF, 0xC7, 0x80, 0xAC, 0x0B, 0x5B, 0x00, 0xFF, 0xFF, 0xC8, 0x80,
        0xAD, 0x0B, 0x5B, 0x00, 0xFF, 0xFF, 0xC9, 0x80, 0xAE, 0x0B, 0x5B, 0x00, 0xFF, 0xFF, 0xCA, 0x80,
        0xAF, 0x0B, 0x5B, 0x00, 0xFF, 0xFF, 0xCB, 0x80, 0xB0, 0x0B, 0x5B, 0x00, 0xFF, 0xFF, 0xCC, 0x80,
        0xB1, 0x0B, 0x5B, 0x00, 0xFF, 0xFF, 0xCD, 0x80, 0xB2, 0x0B, 0x5B, 0x00, 0xFF, 0xFF, 0xCE, 0x80,
        0xB3, 0x0B, 0xF2, 0x00, 0xFF, 0xFF, 0x1E, 0x80, 0xB4, 0x0B, 0x61, 0x01, 0xFF, 0xFF, 0x00, 0x80,
        0xB7, 0x0B, 0x62, 0x01, 0xFF, 0xFF, 0x00, 0x80, 0xB8, 0x0B, 0x63, 0x01, 0xFF, 0xFF, 0x00, 0x80,
        0xBC, 0x0B, 0x04, 0x00, 0xFF, 0xFF, 0x0D, 0x80, 0xE4, 0x0B, 0x8B, 0x00, 0xFF, 0xFF, 0x20, 0x80,
        0xE5, 0x0B, 0x04, 0x00, 0xFF, 0xFF, 0x0E, 0x80, 0xE6, 0x0B, 0xD7, 0x00, 0xFF, 0xFF, 0x01, 0x80,
        0xE7, 0x0B, 0xD7, 0x00, 0xFF, 0xFF, 0x02, 0x80, 0xE8, 0x0B, 0xD7, 0x00, 0xFF, 0xFF, 0x03, 0x80,
        0xE9, 0x0B, 0xD7, 0x00, 0xFF, 0xFF, 0x04, 0x80, 0xEA, 0x0B, 0xD7, 0x00, 0xFF, 0xFF, 0x05, 0x80,
        0xEF, 0x0B, 0xF2, 0x00, 0xFF, 0xFF, 0x1F, 0x80, 0xF0, 0x0B, 0xF2, 0x00, 0xFF, 0xFF, 0x20, 0x80,
        0xF1, 0x0B, 0xF2, 0x00, 0xFF, 0xFF, 0x21, 0x80, 0xF2, 0x0B, 0xF2, 0x00, 0xFF, 0xFF, 0x22, 0x80,
        0xF3, 0x0B, 0xF2, 0x00, 0xFF, 0xFF, 0x23, 0x80, 0xF8, 0x0B, 0x64, 0x01, 0xFF, 0xFF, 0x00, 0x80,
        0xFA, 0x0B, 0x65, 0x01, 0xFF, 0xFF, 0x00, 0x80, 0xFB, 0x0B, 0xFF, 0xFF, 0xB1, 0x00, 0x00, 0x80,
        0xFE, 0x0B, 0x66, 0x01, 0xFF, 0xFF, 0x00, 0x80, 0xFF, 0x0B, 0x67, 0x01, 0xFF, 0xFF, 0x00, 0x80,
        0x00, 0x0C, 0x68, 0x01, 0xFF, 0xFF, 0x00, 0x80, 0x01, 0x0C, 0x69, 0x01, 0xFF, 0xFF, 0x00, 0x80,
        0x02, 0x0C, 0x6A, 0x01, 0xFF, 0xFF, 0x00, 0x80, 0x03, 0x0C, 0x6B, 0x01, 0xFF, 0xFF, 0x00, 0x80,
        0x04, 0x0C, 0x6C, 0x01, 0xFF, 0xFF, 0x00, 0x80, 0x05, 0x0C, 0x6D, 0x01, 0xFF, 0xFF, 0x00, 0x80,
        0x06, 0x0C, 0x6E, 0x01, 0xFF, 0xFF, 0x00, 0x80, 0x09, 0x0C, 0x6F, 0x01, 0xFF, 0xFF, 0x00, 0x80,
        0x0A, 0x0C, 0xFF, 0xFF, 0xB7, 0x00, 0x00, 0x80, 0x0B, 0x0C, 0xFF, 0xFF, 0xB3, 0x00, 0x00, 0x80,
        0x0E, 0x0C, 0x70, 0x01, 0xFF, 0xFF, 0x00, 0x80, 0x0F, 0x0C, 0x71, 0x01, 0xFF, 0xFF, 0x00, 0x80,
        0x10, 0x0C, 0xFF, 0xFF, 0xB8, 0x00, 0x00, 0x80, 0x11, 0x0C, 0xFF, 0xFF, 0xB5, 0x00, 0x00, 0x80,
        0x1C, 0x0C, 0x72, 0x01, 0xFF, 0xFF, 0x00, 0x80, 0x1D, 0x0C, 0xFF, 0xFF, 0xB6, 0x00, 0x00, 0x80,
        0x29, 0x0C, 0x73, 0x01, 0xFF, 0xFF, 0x00, 0x80, 0x2A, 0x0C, 0x04, 0x00, 0xFF, 0xFF, 0x0F, 0x80,
        0x2D, 0x0C, 0x74, 0x01, 0xFF, 0xFF, 0x00, 0x80, 0x35, 0x0C, 0x15, 0x00, 0xFF, 0xFF, 0x32, 0x80,
        0x36, 0x0C, 0x68, 0x00, 0xFF, 0xFF, 0x19, 0x80, 0x37, 0x0C, 0x68, 0x00, 0xFF, 0xFF, 0x1B, 0x80,
        0x38, 0x0C, 0x68, 0x00, 0xFF, 0xFF, 0x1A, 0x80, 0x39, 0x0C, 0x0A, 0x00, 0xFF, 0xFF, 0x21, 0x80,
        0x3A, 0x0C, 0x0A, 0x00, 0xFF, 0xFF, 0x23, 0x80, 0x3B, 0x0C, 0x0A, 0x00, 0xFF, 0xFF, 0x22, 0x80,
        0x3C, 0x0C, 0x58, 0x00, 0xFF, 0xFF, 0x19, 0x80, 0x3D, 0x0C, 0x58, 0x00, 0xFF, 0xFF, 0x1B, 0x80,
        0x3E, 0x0C, 0x58, 0x00, 0xFF, 0xFF, 0x1A, 0x80, 0x3F, 0x0C, 0x5D, 0x00, 0xFF, 0xFF, 0x1C, 0x80,
        0x40, 0x0C, 0x5D, 0x00, 0xFF, 0xFF, 0x1E, 0x80, 0x41, 0x0C, 0x5D, 0x00, 0xFF, 0xFF, 0x1D, 0x80,
        0x42, 0x0C, 0x2A, 0x00, 0xFF, 0xFF, 0x22, 0x80, 0x43, 0x0C, 0x2A, 0x00, 0xFF, 0xFF, 0x24, 0x80,
        0x44, 0x0C, 0x2A, 0x00, 0xFF, 0xFF, 0x23, 0x80, 0x45, 0x0C, 0x57, 0x00, 0xFF, 0xFF, 0x1B, 0x80,
        0x46, 0x0C, 0x57, 0x00, 0xFF, 0xFF, 0x1D, 0x80, 0x47, 0x0C, 0x57, 0x00, 0xFF, 0xFF, 0x1C, 0x80,
        0x48, 0x0C, 0x13, 0x00, 0xFF, 0xFF, 0x1B, 0x80, 0x49, 0x0C, 0x13, 0x00, 0xFF, 0xFF, 0x1D, 0x80,
        0x4A, 0x0C, 0x13, 0x00, 0xFF, 0xFF, 0x1C, 0x80, 0x4B, 0x0C, 0xAC, 0x00, 0xFF, 0xFF, 0x1D, 0x80,
        0x4C, 0x0C, 0xAC, 0x00, 0xFF, 0xFF, 0x1F, 0x80, 0x4D, 0x0C, 0xAC, 0x00, 0xFF, 0xFF, 0x1E, 0x80,
        0x4E, 0x0C, 0x59, 0x00, 0xFF, 0xFF, 0x1E, 0x80, 0x4F, 0x0C, 0x59, 0x00, 0xFF, 0xFF, 0x20, 0x80,
        0x50, 0x0C, 0x59, 0x00, 0xFF, 0xFF, 0x1F, 0x80, 0x51, 0x0C, 0x0E, 0x00, 0xFF, 0xFF, 0x20, 0x80,
        0x52, 0x0C, 0x0E, 0x00, 0xFF, 0xFF, 0x22, 0x80, 0x53, 0x0C, 0x0E, 0x00, 0xFF, 0xFF, 0x21, 0x80,
        0x54, 0x0C, 0x12, 0x00, 0xFF, 0xFF, 0x1C, 0x80, 0x55, 0x0C, 0x12, 0x00, 0xFF, 0xFF, 0x1E, 0x80,
        0x56, 0x0C, 0x12, 0x00, 0xFF, 0xFF, 0x1D, 0x80, 0x57, 0x0C, 0x5A, 0x00, 0xFF, 0xFF, 0x1C, 0x80,
        0x58, 0x0C, 0x5A, 0x00, 0xFF, 0xFF, 0x1E, 0x80, 0x59, 0x0C, 0x5A, 0x00, 0xFF, 0xFF, 0x1D, 0x80,
        0x5A, 0x0C, 0x4F, 0x00, 0xFF, 0xFF, 0x1C, 0x80, 0x5B, 0x0C, 0x4F, 0x00, 0xFF, 0xFF, 0x1E, 0x80,
        0x5C, 0x0C, 0x4F, 0x00, 0xFF, 0xFF, 0x1D, 0x80, 0x5D, 0x0C, 0x65, 0x00, 0xFF, 0xFF, 0x1D, 0x80,
        0x5E, 0x0C, 0x65, 0x00, 0xFF, 0xFF, 0x1F, 0x80, 0x5F, 0x0C, 0x65, 0x00, 0xFF, 0xFF, 0x1E, 0x80,
        0x60, 0x0C, 0x64, 0x00, 0xFF, 0xFF, 0x1C, 0x80, 0x61, 0x0C, 0x64, 0x00, 0xFF, 0xFF, 0x1E, 0x80,
        0x62, 0x0C, 0x64, 0x00, 0xFF, 0xFF, 0x1D, 0x80, 0x63, 0x0C, 0x21, 0x00, 0xFF, 0xFF, 0x1B, 0x80,
        0x64, 0x0C, 0x21, 0x00, 0xFF, 0xFF, 0x1D, 0x80, 0x65, 0x0C, 0x21, 0x00, 0xFF, 0xFF, 0x1C, 0x80,
        0x66, 0x0C, 0x0F, 0x00, 0xFF, 0xFF, 0x21, 0x80, 0x67, 0x0C, 0x0F, 0x00, 0xFF, 0xFF, 0x23, 0x80,
        0x68, 0x0C, 0x0F, 0x00, 0xFF, 0xFF, 0x22, 0x80, 0x69, 0x0C, 0x22, 0x00, 0xFF, 0xFF, 0x22, 0x80,
        0x6A, 0x0C, 0x22, 0x00, 0xFF, 0xFF, 0x24, 0x80, 0x6B, 0x0C, 0x22, 0x00, 0xFF, 0xFF, 0x23, 0x80,
        0x6C, 0x0C, 0x15, 0x00, 0xFF, 0xFF, 0x31, 0x80, 0x6D, 0x0C, 0x15, 0x00, 0xFF, 0xFF, 0x33, 0x80,
        0x6E, 0x0C, 0x75, 0x01, 0xFF, 0xFF, 0x00, 0x80, 0x70, 0x0C, 0x76, 0x01, 0xFF, 0xFF, 0x00, 0x80,
        0x71, 0x0C, 0x77, 0x01, 0xFF, 0xFF, 0x00, 0x80, 0x77, 0x0C, 0xD4, 0x02, 0xFF, 0xFF, 0x00, 0x80,
        0x78, 0x0C, 0xD4, 0x02, 0xFF, 0xFF, 0x00, 0x80, 0x79, 0x0C, 0xD4, 0x02, 0xFF, 0xFF, 0x00, 0x80,
        0x7A, 0x0C, 0xD4, 0x02, 0xFF, 0xFF, 0x00, 0x80, 0x7E, 0x0C, 0x79, 0x01, 0xFF, 0xFF, 0x00, 0x80,
        0x82, 0x0C, 0x7A, 0x01, 0xFF, 0xFF, 0x00, 0x80, 0x83, 0x0C, 0x78, 0x01, 0xFF, 0xFF, 0x03, 0x80,
        0x84, 0x0C, 0x78, 0x01, 0xFF, 0xFF, 0x04, 0x80, 0x85, 0x0C, 0x78, 0x01, 0xFF, 0xFF, 0x05, 0x80,
        0x86, 0x0C, 0x78, 0x01, 0xFF, 0xFF, 0x06, 0x80, 0x87, 0x0C, 0x78, 0x01, 0xFF, 0xFF, 0x07, 0x80,
        0x88, 0x0C, 0x78, 0x01, 0xFF, 0xFF, 0x08, 0x80, 0x8E, 0x0C, 0x7B, 0x01, 0xFF, 0xFF, 0x00, 0x80,
        0x8F, 0x0C, 0x7C, 0x01, 0xFF, 0xFF, 0x00, 0x80, 0x90, 0x0C, 0x7C, 0x01, 0xFF, 0xFF, 0x01, 0x80,
        0x91, 0x0C, 0x7C, 0x01, 0xFF, 0xFF, 0x02, 0x80, 0x92, 0x0C, 0x7C, 0x01, 0xFF, 0xFF, 0x03, 0x80,
        0x93, 0x0C, 0x7C, 0x01, 0xFF, 0xFF, 0x04, 0x80, 0x94, 0x0C, 0x7C, 0x01, 0xFF, 0xFF, 0x05, 0x80,
        0x95, 0x0C, 0x7C, 0x01, 0xFF, 0xFF, 0x06, 0x80, 0x96, 0x0C, 0x7C, 0x01, 0xFF, 0xFF, 0x07, 0x80,
        0x9D, 0x0C, 0x55, 0x00, 0xFF, 0xFF, 0x06, 0x80, 0x9E, 0x0C, 0x55, 0x00, 0xFF, 0xFF, 0x07, 0x80,
        0x9F, 0x0C, 0x55, 0x00, 0xFF, 0xFF, 0x08, 0x80, 0xA0, 0x0C, 0x55, 0x00, 0xFF, 0xFF, 0x09, 0x80,
        0xA1, 0x0C, 0x55, 0x00, 0xFF, 0xFF, 0x0A, 0x80, 0xA2, 0x0C, 0x81, 0x01, 0xFF, 0xFF, 0x00, 0x80,
        0xA3, 0x0C, 0x8B, 0x00, 0xFF, 0xFF, 0x21, 0x80, 0xA4, 0x0C, 0x8B, 0x00, 0xFF, 0xFF, 0x22, 0x80,
        0xA5, 0x0C, 0x8B, 0x00, 0xFF, 0xFF, 0x23, 0x80, 0xA6, 0x0C, 0xFF, 0xFF, 0xBA, 0x00, 0x00, 0x80,
        0xA7, 0x0C, 0x83, 0x01, 0xFF, 0xFF, 0x00, 0x80, 0xA8, 0x0C, 0x84, 0x01, 0xFF, 0xFF, 0x00, 0x80,
        0xB5, 0x0C, 0x86, 0x01, 0xFF, 0xFF, 0x00, 0x80, 0xB6, 0x0C, 0x87, 0x01, 0xFF, 0xFF, 0x00, 0x80,
        0xB7, 0x0C, 0x88, 0x01, 0xFF, 0xFF, 0x00, 0x80, 0xB8, 0x0C, 0x89, 0x01, 0xFF, 0xFF, 0x00, 0x80,
        0xB9, 0x0C, 0x8A, 0x01, 0xFF, 0xFF, 0x00, 0x80, 0xBD, 0x0C, 0xEF, 0x00, 0xFF, 0xFF, 0x15, 0x80,
        0xC6, 0x0C, 0x8B, 0x01, 0xFF, 0xFF, 0x00, 0x80, 0xC7, 0x0C, 0x8C, 0x01, 0xFF, 0xFF, 0x00, 0x80,
        0xC8, 0x0C, 0x8D, 0x01, 0xFF, 0xFF, 0x00, 0x80, 0xC9, 0x0C, 0xFF, 0xFF, 0x13, 0x01, 0x00, 0x80,
        0xCA, 0x0C, 0x8E, 0x01, 0xFF, 0xFF, 0x00, 0x80, 0xCB, 0x0C, 0x8F, 0x01, 0xFF, 0xFF, 0x00, 0x80,
        0xCC, 0x0C, 0x90, 0x01, 0xFF, 0xFF, 0x00, 0x80, 0xCD, 0x0C, 0x91, 0x01, 0xFF, 0xFF, 0x00, 0x80,
        0x0A, 0x0D, 0x92, 0x01, 0xFF, 0xFF, 0x00, 0x80, 0x0B, 0x0D, 0x93, 0x01, 0xFF, 0xFF, 0x00, 0x80,
        0x0C, 0x0D, 0xFF, 0xFF, 0x30, 0x01, 0x00, 0x80, 0x0D, 0x0D, 0xFF, 0xFF, 0x31, 0x01, 0x00, 0x80,
        0x0E, 0x0D, 0xFF, 0xFF, 0x32, 0x01, 0x00, 0x80, 0x0F, 0x0D, 0xFF, 0xFF, 0x33, 0x01, 0x00, 0x80,
        0x10, 0x0D, 0xFF, 0xFF, 0x34, 0x01, 0x00, 0x80, 0x11, 0x0D, 0xFF, 0xFF, 0x35, 0x01, 0x00, 0x80,
        0x12, 0x0D, 0xFF, 0xFF, 0x36, 0x01, 0x00, 0x80, 0x13, 0x0D, 0x94, 0x01, 0xFF, 0xFF, 0x00, 0x80,
        0x14, 0x0D, 0xFF, 0xFF, 0x37, 0x01, 0x00, 0x80, 0x1D, 0x0D, 0xF0, 0x00, 0xFF, 0xFF, 0x38, 0x80,
        0x1E, 0x0D, 0xF0, 0x00, 0xFF, 0xFF, 0x39, 0x80, 0x1F, 0x0D, 0xF0, 0x00, 0xFF, 0xFF, 0x3A, 0x80,
        0x20, 0x0D, 0x7F, 0x01, 0xFF, 0xFF, 0x00, 0x00, 0x21, 0x0D, 0x80, 0x01, 0xFF, 0xFF, 0x00, 0x00,
        0x24, 0x0D, 0x95, 0x01, 0xFF, 0xFF, 0x00, 0x80, 0x25, 0x0D, 0x96, 0x01, 0xFF, 0xFF, 0x00, 0x80,
        0x29, 0x0D, 0xD1, 0x00, 0xFF, 0xFF, 0x02, 0x80, 0x2A, 0x0D, 0x8B, 0x00, 0xFF, 0xFF, 0x24, 0x80,
        0x2B, 0x0D, 0x8B, 0x00, 0xFF, 0xFF, 0x25, 0x80, 0x34, 0x0D, 0x97, 0x01, 0xFF, 0xFF, 0x00, 0x80,
        0x39, 0x0D, 0xE3, 0x00, 0xFF, 0xFF, 0x08, 0x80, 0x3A, 0x0D, 0xE3, 0x00, 0xFF, 0xFF, 0x09, 0x80,
        0x3B, 0x0D, 0xE3, 0x00, 0xFF, 0xFF, 0x0A, 0x80, 0x3C, 0x0D, 0xE3, 0x00, 0xFF, 0xFF, 0x0B, 0x80,
        0x3E, 0x0D, 0x5B, 0x00, 0xFF, 0xFF, 0xCF, 0x80, 0x3F, 0x0D, 0x5B, 0x00, 0xFF, 0xFF, 0xD0, 0x80,
        0x40, 0x0D, 0x5B, 0x00, 0xFF, 0xFF, 0xD1, 0x80, 0x41, 0x0D, 0x5B, 0x00, 0xFF, 0xFF, 0xD2, 0x80,
        0x42, 0x0D, 0x5B, 0x00, 0xFF, 0xFF, 0xD3, 0x80, 0x43, 0x0D, 0x5B, 0x00, 0xFF, 0xFF, 0xD4, 0x80,
        0x44, 0x0D, 0x5B, 0x00, 0xFF, 0xFF, 0xD5, 0x80, 0x45, 0x0D, 0x5B, 0x00, 0xFF, 0xFF, 0xD6, 0x80,
        0x46, 0x0D, 0x5B, 0x00, 0xFF, 0xFF, 0xD7, 0x80, 0x47, 0x0D, 0x5B, 0x00, 0xFF, 0xFF, 0xD8, 0x80,
        0x48, 0x0D, 0x5B, 0x00, 0xFF, 0xFF, 0xD9, 0x80, 0x49, 0x0D, 0x5B, 0x00, 0xFF, 0xFF, 0xDA, 0x80,
        0x4A, 0x0D, 0x5B, 0x00, 0xFF, 0xFF, 0xDB, 0x80, 0x4B, 0x0D, 0x5B, 0x00, 0xFF, 0xFF, 0xDC, 0x80,
        0x4C, 0x0D, 0x5B, 0x00, 0xFF, 0xFF, 0xDD, 0x80, 0x4D, 0x0D, 0x5B, 0x00, 0xFF, 0xFF, 0xDE, 0x80,
        0x4E, 0x0D, 0x5B, 0x00, 0xFF, 0xFF, 0xDF, 0x80, 0x4F, 0x0D, 0x5B, 0x00, 0xFF, 0xFF, 0xE0, 0x80,
        0x50, 0x0D, 0x5B, 0x00, 0xFF, 0xFF, 0xE1, 0x80, 0x51, 0x0D, 0x5B, 0x00, 0xFF, 0xFF, 0xE2, 0x80,
        0x52, 0x0D, 0x5B, 0x00, 0xFF, 0xFF, 0xE3, 0x80, 0x53, 0x0D, 0x5B, 0x00, 0xFF, 0xFF, 0xE4, 0x80,
        0x54, 0x0D, 0x5B, 0x00, 0xFF, 0xFF, 0xE5, 0x80, 0x55, 0x0D, 0x5B, 0x00, 0xFF, 0xFF, 0xE6, 0x80,
        0x56, 0x0D, 0x5B, 0x00, 0xFF, 0xFF, 0xE7, 0x80, 0x57, 0x0D, 0x5B, 0x00, 0xFF, 0xFF, 0xE8, 0x80,
        0x58, 0x0D, 0x5B, 0x00, 0xFF, 0xFF, 0xE9, 0x80, 0x59, 0x0D, 0x5B, 0x00, 0xFF, 0xFF, 0xEA, 0x80,
        0x5A, 0x0D, 0x5B, 0x00, 0xFF, 0xFF, 0xEB, 0x80, 0x5B, 0x0D, 0x5B, 0x00, 0xFF, 0xFF, 0xEC, 0x80,
        0x5C, 0x0D, 0x5B, 0x00, 0xFF, 0xFF, 0xED, 0x80, 0x5D, 0x0D, 0x5B, 0x00, 0xFF, 0xFF, 0xEE, 0x80,
        0x5E, 0x0D, 0x5B, 0x00, 0xFF, 0xFF, 0xEF, 0x80, 0x5F, 0x0D, 0x5B, 0x00, 0xFF, 0xFF, 0xF0, 0x80,
        0x60, 0x0D, 0x5B, 0x00, 0xFF, 0xFF, 0xF1, 0x80, 0x61, 0x0D, 0x5B, 0x00, 0xFF, 0xFF, 0xF2, 0x80,
        0x62, 0x0D, 0x5B, 0x00, 0xFF, 0xFF, 0xF3, 0x80, 0x63, 0x0D, 0x5B, 0x00, 0xFF, 0xFF, 0xF4, 0x80,
        0x64, 0x0D, 0x5B, 0x00, 0xFF, 0xFF, 0xF5, 0x80, 0x65, 0x0D, 0x5B, 0x00, 0xFF, 0xFF, 0xF6, 0x80,
        0x66, 0x0D, 0x5B, 0x00, 0xFF, 0xFF, 0xF7, 0x80, 0x67, 0x0D, 0x5B, 0x00, 0xFF, 0xFF, 0xF8, 0x80,
        0x68, 0x0D, 0x5B, 0x00, 0xFF, 0xFF, 0xF9, 0x80, 0x69, 0x0D, 0x5B, 0x00, 0xFF, 0xFF, 0xFA, 0x80,
        0x6A, 0x0D, 0x5B, 0x00, 0xFF, 0xFF, 0xFB, 0x80, 0x6B, 0x0D, 0x5B, 0x00, 0xFF, 0xFF, 0xFC, 0x80,
        0x6C, 0x0D, 0x5B, 0x00, 0xFF, 0xFF, 0xFD, 0x80, 0x6D, 0x0D, 0x5B, 0x00, 0xFF, 0xFF, 0xFE, 0x80,
        0x6E, 0x0D, 0x5B, 0x00, 0xFF, 0xFF, 0xFF, 0x80, 0x6F, 0x0D, 0x5B, 0x00, 0xFF, 0xFF, 0x00, 0x81,
        0x70, 0x0D, 0x5B, 0x00, 0xFF, 0xFF, 0x01, 0x81, 0x71, 0x0D, 0x5B, 0x00, 0xFF, 0xFF, 0x02, 0x81,
        0x72, 0x0D, 0x5B, 0x00, 0xFF, 0xFF, 0x03, 0x81, 0x73, 0x0D, 0x5B, 0x00, 0xFF, 0xFF, 0x04, 0x81,
        0x74, 0x0D, 0x5B, 0x00, 0xFF, 0xFF, 0x05, 0x81, 0x75, 0x0D, 0x5B, 0x00, 0xFF, 0xFF, 0x06, 0x81,
        0x76, 0x0D, 0x5B, 0x00, 0xFF, 0xFF, 0x07, 0x81, 0x77, 0x0D, 0x5B, 0x00, 0xFF, 0xFF, 0x08, 0x81,
        0x78, 0x0D, 0x5B, 0x00, 0xFF, 0xFF, 0x09, 0x81, 0x79, 0x0D, 0x5B, 0x00, 0xFF, 0xFF, 0x0A, 0x81,
        0x7A, 0x0D, 0x5B, 0x00, 0xFF, 0xFF, 0x0B, 0x81, 0x7B, 0x0D, 0x5B, 0x00, 0xFF, 0xFF, 0x0C, 0x81,
        0x7C, 0x0D, 0x5B, 0x00, 0xFF, 0xFF, 0x0D, 0x81, 0x84, 0x0D, 0x98, 0x01, 0xFF, 0xFF, 0x00, 0x80,
        0x85, 0x0D, 0x99, 0x01, 0xFF, 0xFF, 0x00, 0x80, 0x8B, 0x0D, 0xEF, 0x00, 0xFF, 0xFF, 0x16, 0x80,
        0x90, 0x0D, 0xFF, 0xFF, 0xE0, 0x00, 0x00, 0x80, 0xD0, 0x0D, 0x9A, 0x01, 0xFF, 0xFF, 0x00, 0x80,
        0xD1, 0x0D, 0x9A, 0x01, 0xFF, 0xFF, 0x01, 0x80, 0xD2, 0x0D, 0x9A, 0x01, 0xFF, 0xFF, 0x02, 0x80,
        0xD3, 0x0D, 0x9A, 0x01, 0xFF, 0xFF, 0x03, 0x80, 0xD9, 0x0D, 0x9B, 0x01, 0xFF, 0xFF, 0x00, 0x80,
        0xDD, 0x0D, 0x9C, 0x01, 0xFF, 0xFF, 0x00, 0x80, 0xEB, 0x0D, 0xD4, 0x02, 0xFF, 0xFF, 0x00, 0x80,
        0xEC, 0x0D, 0xD4, 0x02, 0xFF, 0xFF, 0x00, 0x80, 0xED, 0x0D, 0x9D, 0x01, 0xFF, 0xFF, 0x00, 0x80,
        0xEE, 0x0D, 0x9E, 0x01, 0xFF, 0xFF, 0x00, 0x80, 0xF5, 0x0D, 0x9F, 0x01, 0xFF, 0xFF, 0x00, 0x80,
        0xF6, 0x0D, 0xA0, 0x01, 0xFF, 0xFF, 0x00, 0x80, 0xF7, 0x0D, 0xA1, 0x01, 0xFF, 0xFF, 0x00, 0x80,
        0xF8, 0x0D, 0xA2, 0x01, 0xFF, 0xFF, 0x00, 0x80, 0x00, 0x0E, 0xFF, 0xFF, 0x3C, 0x00, 0x00, 0x80,
        0x09, 0x0E, 0x5B, 0x00, 0xFF, 0xFF, 0x0E, 0x81, 0x0A, 0x0E, 0x5B, 0x00, 0xFF, 0xFF, 0x0F, 0x81,
        0x0B, 0x0E, 0xF0, 0x00, 0xFF, 0xFF, 0x3B, 0x80, 0x0C, 0x0E, 0xF2, 0x00, 0xFF, 0xFF, 0x24, 0x80,
        0x12, 0x0E, 0xA3, 0x01, 0xFF, 0xFF, 0x00, 0x80, 0x13, 0x0E, 0xA4, 0x01, 0xFF, 0xFF, 0x00, 0x80,
        0x14, 0x0E, 0xA4, 0x01, 0xFF, 0xFF, 0x01, 0x80, 0x15, 0x0E, 0xA4, 0x01, 0xFF, 0xFF, 0x02, 0x80,
        0x16, 0x0E, 0xA4, 0x01, 0xFF, 0xFF, 0x03, 0x80, 0x17, 0x0E, 0xA4, 0x01, 0xFF, 0xFF, 0x04, 0x80,
        0x18, 0x0E, 0xA4, 0x01, 0xFF, 0xFF, 0x05, 0x80, 0x19, 0x0E, 0xA5, 0x01, 0xFF, 0xFF, 0x00, 0x80,
        0x1A, 0x0E, 0xA6, 0x01, 0xFF, 0xFF, 0x00, 0x80, 0x1D, 0x0E, 0xA7, 0x01, 0xFF, 0xFF, 0x00, 0x80,
        0x1E, 0x0E, 0xA7, 0x01, 0xFF, 0xFF, 0x01, 0x80, 0x1F, 0x0E, 0xA7, 0x01, 0xFF, 0xFF, 0x02, 0x80,
        0x20, 0x0E, 0xA8, 0x01, 0xFF, 0xFF, 0x00, 0x80, 0x21, 0x0E, 0xA9, 0x01, 0xFF, 0xFF, 0x00, 0x80,
        0x22, 0x0E, 0xA3, 0x01, 0xFF, 0xFF, 0x01, 0x80, 0x25, 0x0E, 0xAA, 0x01, 0xFF, 0xFF, 0x00, 0x80,
        0x26, 0x0E, 0xAB, 0x01, 0xFF, 0xFF, 0x00, 0x80, 0x2A, 0x0E, 0xAC, 0x01, 0xFF, 0xFF, 0x03, 0x80,
        0x2D, 0x0E, 0xAD, 0x01, 0xFF, 0xFF, 0x00, 0x80, 0x2E, 0x0E, 0xAC, 0x01, 0xFF, 0xFF, 0x00, 0x80,
        0x2F, 0x0E, 0xAC, 0x01, 0xFF, 0xFF, 0x02, 0x80, 0x30, 0x0E, 0xAC, 0x01, 0xFF, 0xFF, 0x01, 0x80,
        0x31, 0x0E, 0xAE, 0x01, 0xFF, 0xFF, 0x00, 0x80, 0x32, 0x0E, 0xAF, 0x01, 0xFF, 0xFF, 0x00, 0x80,
        0x33, 0x0E, 0xB0, 0x01, 0xFF, 0xFF, 0x00, 0x80, 0x34, 0x0E, 0xB1, 0x01, 0xFF, 0xFF, 0x00, 0x80,
        0x35, 0x0E, 0xB2, 0x01, 0xFF, 0xFF, 0x00, 0x80, 0x36, 0x0E, 0xB3, 0x01, 0xFF, 0xFF, 0x00, 0x80,
        0x37, 0x0E, 0xB4, 0x01, 0xFF, 0xFF, 0x00, 0x80, 0x38, 0x0E, 0xB5, 0x01, 0xFF, 0xFF, 0x00, 0x80,
        0x39, 0x0E, 0xB6, 0x01, 0xFF, 0xFF, 0x00, 0x80, 0x3A, 0x0E, 0xB7, 0x01, 0xFF, 0xFF, 0x00, 0x80,
        0x3C, 0x0E, 0xB8, 0x01, 0xFF, 0xFF, 0x00, 0x80, 0x3D, 0x0E, 0xB8, 0x01, 0xFF, 0xFF, 0x01, 0x80,
        0x3E, 0x0E, 0xB8, 0x01, 0xFF, 0xFF, 0x02, 0x80, 0x3F, 0x0E, 0xB8, 0x01, 0xFF, 0xFF, 0x03, 0x80,
        0x40, 0x0E, 0xB8, 0x01, 0xFF, 0xFF, 0x04, 0x80, 0x41, 0x0E, 0xB8, 0x01, 0xFF, 0xFF, 0x05, 0x80,
        0x42, 0x0E, 0xB8, 0x01, 0xFF, 0xFF, 0x06, 0x80, 0x43, 0x0E, 0x69, 0x00, 0xFF, 0xFF, 0x33, 0x80,
        0x44, 0x0E, 0x69, 0x00, 0xFF, 0xFF, 0x34, 0x80, 0x45, 0x0E, 0x69, 0x00, 0xFF, 0xFF, 0x35, 0x80,
        0x46, 0x0E, 0x69, 0x00, 0xFF, 0xFF, 0x36, 0x80, 0x47, 0x0E, 0x69, 0x00, 0xFF, 0xFF, 0x37, 0x80,
        0x48, 0x0E, 0x69, 0x00, 0xFF, 0xFF, 0x38, 0x80, 0x49, 0x0E, 0x69, 0x00, 0xFF, 0xFF, 0x39, 0x80,
        0x4A, 0x0E, 0x69, 0x00, 0xFF, 0xFF, 0x3A, 0x80, 0x4B, 0x0E, 0x69, 0x00, 0xFF, 0xFF, 0x3B, 0x80,
        0x4C, 0x0E, 0x69, 0x00, 0xFF, 0xFF, 0x3C, 0x80, 0x4D, 0x0E, 0x69, 0x00, 0xFF, 0xFF, 0x3D, 0x80,
        0x4E, 0x0E, 0x69, 0x00, 0xFF, 0xFF, 0x3E, 0x80, 0x4F, 0x0E, 0xA3, 0x01, 0xFF, 0xFF, 0x02, 0x80,
        0x50, 0x0E, 0xD1, 0x00, 0xFF, 0xFF, 0x03, 0x80, 0x51, 0x0E, 0xB9, 0x01, 0xFF, 0xFF, 0x00, 0x80,
        0x52, 0x0E, 0xB9, 0x01, 0xFF, 0xFF, 0x01, 0x80, 0x53, 0x0E, 0xB9, 0x01, 0xFF, 0xFF, 0x03, 0x80,
        0x54, 0x0E, 0xB9, 0x01, 0xFF, 0xFF, 0x07, 0x80, 0x55, 0x0E, 0xB9, 0x01, 0xFF, 0xFF, 0x08, 0x80,
        0x56, 0x0E, 0xB9, 0x01, 0xFF, 0xFF, 0x09, 0x80, 0x57, 0x0E, 0xB9, 0x01, 0xFF, 0xFF, 0x0A, 0x80,
        0x58, 0x0E, 0xB9, 0x01, 0xFF, 0xFF, 0x0B, 0x80, 0x59, 0x0E, 0xB9, 0x01, 0xFF, 0xFF, 0x0C, 0x80,
        0x5A, 0x0E, 0xB9, 0x01, 0xFF, 0xFF, 0x0D, 0x80, 0x5B, 0x0E, 0xB9, 0x01, 0xFF, 0xFF, 0x0E, 0x80,
        0x5C, 0x0E, 0xB9, 0x01, 0xFF, 0xFF, 0x0F, 0x80, 0x5D, 0x0E, 0xB9, 0x01, 0xFF, 0xFF, 0x10, 0x80,
        0x5E, 0x0E, 0xB9, 0x01, 0xFF, 0xFF, 0x11, 0x80, 0x5F, 0x0E, 0xB9, 0x01, 0xFF, 0xFF, 0x12, 0x80,
        0x60, 0x0E, 0xB9, 0x01, 0xFF, 0xFF, 0x13, 0x80, 0x61, 0x0E, 0xB9, 0x01, 0xFF, 0xFF, 0x14, 0x80,
        0x62, 0x0E, 0xB9, 0x01, 0xFF, 0xFF, 0x15, 0x80, 0x63, 0x0E, 0xB9, 0x01, 0xFF, 0xFF, 0x16, 0x80,
        0x64, 0x0E, 0xB9, 0x01, 0xFF, 0xFF, 0x1C, 0x80, 0x65, 0x0E, 0xB9, 0x01, 0xFF, 0xFF, 0x1D, 0x80,
        0x66, 0x0E, 0xB9, 0x01, 0xFF, 0xFF, 0x1E, 0x80, 0x67, 0x0E, 0xB9, 0x01, 0xFF, 0xFF, 0x1F, 0x80,
        0x68, 0x0E, 0xB9, 0x01, 0xFF, 0xFF, 0x20, 0x80, 0x69, 0x0E, 0xB9, 0x01, 0xFF, 0xFF, 0x21, 0x80,
        0x6A, 0x0E, 0xB9, 0x01, 0xFF, 0xFF, 0x22, 0x80, 0x6B, 0x0E, 0xB9, 0x01, 0xFF, 0xFF, 0x23, 0x80,
        0x6C, 0x0E, 0xB9, 0x01, 0xFF, 0xFF, 0x25, 0x80, 0x6D, 0x0E, 0xB9, 0x01, 0xFF, 0xFF, 0x27, 0x80,
        0x6E, 0x0E, 0xB9, 0x01, 0xFF, 0xFF, 0x29, 0x80, 0x6F, 0x0E, 0xB9, 0x01, 0xFF, 0xFF, 0x2A, 0x80,
        0x70, 0x0E, 0xB9, 0x01, 0xFF, 0xFF, 0x2B, 0x80, 0x71, 0x0E, 0xB9, 0x01, 0xFF, 0xFF, 0x2C, 0x80,
        0x72, 0x0E, 0xB9, 0x01, 0xFF, 0xFF, 0x2D, 0x80, 0x73, 0x0E, 0xB9, 0x01, 0xFF, 0xFF, 0x2E, 0x80,
        0x74, 0x0E, 0xB9, 0x01, 0xFF, 0xFF, 0x2F, 0x80, 0x75, 0x0E, 0xB9, 0x01, 0xFF, 0xFF, 0x30, 0x80,
        0x76, 0x0E, 0xB9, 0x01, 0xFF, 0xFF, 0x31, 0x80, 0x77, 0x0E, 0xB9, 0x01, 0xFF, 0xFF, 0x32, 0x80,
        0x78, 0x0E, 0xB9, 0x01, 0xFF, 0xFF, 0x33, 0x80, 0x79, 0x0E, 0xB9, 0x01, 0xFF, 0xFF, 0x34, 0x80,
        0x7A, 0x0E, 0xB9, 0x01, 0xFF, 0xFF, 0x35, 0x80, 0x7B, 0x0E, 0xBA, 0x01, 0xFF, 0xFF, 0x00, 0x80,
        0x7C, 0x0E, 0x69, 0x00, 0xFF, 0xFF, 0x3F, 0x80, 0x7D, 0x0E, 0x69, 0x00, 0xFF, 0xFF, 0x40, 0x80,
        0x7E, 0x0E, 0x69, 0x00, 0xFF, 0xFF, 0x41, 0x80, 0x7F, 0x0E, 0x69, 0x00, 0xFF, 0xFF, 0x42, 0x80,
        0x80, 0x0E, 0x69, 0x00, 0xFF, 0xFF, 0x43, 0x80, 0x81, 0x0E, 0x69, 0x00, 0xFF, 0xFF, 0x44, 0x80,
        0x82, 0x0E, 0x69, 0x00, 0xFF, 0xFF, 0x45, 0x80, 0x83, 0x0E, 0x69, 0x00, 0xFF, 0xFF, 0x46, 0x80,
        0x84, 0x0E, 0x69, 0x00, 0xFF, 0xFF, 0x47, 0x80, 0x85, 0x0E, 0x69, 0x00, 0xFF, 0xFF, 0x48, 0x80,
        0x86, 0x0E, 0x69, 0x00, 0xFF, 0xFF, 0x49, 0x80, 0x87, 0x0E, 0x69, 0x00, 0xFF, 0xFF, 0x4A, 0x80,
        0x88, 0x0E, 0x69, 0x00, 0xFF, 0xFF, 0x4B, 0x80, 0x8A, 0x0E, 0xBB, 0x01, 0xFF, 0xFF, 0x00, 0x80,
        0x8B, 0x0E, 0xD7, 0x00, 0xFF, 0xFF, 0x06, 0x80, 0x8C, 0x0E, 0xD7, 0x00, 0xFF, 0xFF, 0x07, 0x80,
        0x8D, 0x0E, 0xBD, 0x01, 0xFF, 0xFF, 0x00, 0x80, 0x8E, 0x0E, 0xA7, 0x01, 0xFF, 0xFF, 0x03, 0x80,
        0x8F, 0x0E, 0xA7, 0x01, 0xFF, 0xFF, 0x04, 0x80, 0x90, 0x0E, 0xA7, 0x01, 0xFF, 0xFF, 0x05, 0x80,
        0x91, 0x0E, 0xA7, 0x01, 0xFF, 0xFF, 0x06, 0x80, 0x98, 0x0E, 0xBE, 0x01, 0xFF, 0xFF, 0x00, 0x80,
        0x99, 0x0E, 0xBF, 0x01, 0xFF, 0xFF, 0x00, 0x80, 0x9A, 0x0E, 0xC0, 0x01, 0xFF, 0xFF, 0x00, 0x80,
        0x9B, 0x0E, 0xC1, 0x01, 0xFF, 0xFF, 0x00, 0x80, 0x9C, 0x0E, 0xC2, 0x01, 0xFF, 0xFF, 0x00, 0x80,
        0x9D, 0x0E, 0xC3, 0x01, 0xFF, 0xFF, 0x00, 0x80, 0x9E, 0x0E, 0xC4, 0x01, 0xFF, 0xFF, 0x00, 0x80,
        0x9F, 0x0E, 0xC5, 0x01, 0xFF, 0xFF, 0x04, 0x80, 0xA0, 0x0E, 0xC5, 0x01, 0xFF, 0xFF, 0x00, 0x80,
        0xA1, 0x0E, 0xC5, 0x01, 0xFF, 0xFF, 0x02, 0x80, 0xA2, 0x0E, 0xC6, 0x01, 0xFF, 0xFF, 0x00, 0x80,
        0xA3, 0x0E, 0xC7, 0x01, 0xFF, 0xFF, 0x00, 0x80, 0xA4, 0x0E, 0xC8, 0x01, 0xFF, 0xFF, 0x00, 0x80,
        0xA5, 0x0E, 0xC9, 0x01, 0xFF, 0xFF, 0x00, 0x80, 0xA6, 0x0E, 0x6D, 0x02, 0xFF, 0xFF, 0x00, 0x80,
        0xA7, 0x0E, 0xFF, 0xFF, 0xE1, 0x00, 0x00, 0x80, 0xA8, 0x0E, 0xFF, 0xFF, 0xE2, 0x00, 0x00, 0x80,
        0xA9, 0x0E, 0xFF, 0xFF, 0xE3, 0x00, 0x00, 0x80, 0xAA, 0x0E, 0xCA, 0x01, 0xFF, 0xFF, 0x00, 0x80,
        0xAB, 0x0E, 0xCB, 0x01, 0xFF, 0xFF, 0x00, 0x80, 0xAC, 0x0E, 0xCC, 0x01, 0xFF, 0xFF, 0x00, 0x80,
        0xB0, 0x0E, 0xFF, 0xFF, 0xE4, 0x00, 0x00, 0x80, 0xB1, 0x0E, 0xFF, 0xFF, 0xE5, 0x00, 0x00, 0x80,
        0xB2, 0x0E, 0xFF, 0xFF, 0xE6, 0x00, 0x00, 0x80, 0xC4, 0x0E, 0x5B, 0x00, 0xFF, 0xFF, 0x10, 0x81,
        0xC6, 0x0E, 0xCD, 0x01, 0xFF, 0xFF, 0x00, 0x80, 0xCD, 0x0E, 0x5B, 0x00, 0xFF, 0xFF, 0x11, 0x81,
        0xCE, 0x0E, 0x5B, 0x00, 0xFF, 0xFF, 0x12, 0x81, 0xCF, 0x0E, 0x5B, 0x00, 0xFF, 0xFF, 0x13, 0x81,
        0xD0, 0x0E, 0x5B, 0x00, 0xFF, 0xFF, 0x14, 0x81, 0xD1, 0x0E, 0x5B, 0x00, 0xFF, 0xFF, 0x15, 0x81,
        0xD3, 0x0E, 0xCE, 0x01, 0xFF, 0xFF, 0x00, 0x80, 0xD4, 0x0E, 0x8B, 0x00, 0xFF, 0xFF, 0x26, 0x80,
        0xE5, 0x0E, 0xCF, 0x01, 0xFF, 0xFF, 0x00, 0x80, 0xE6, 0x0E, 0xD0, 0x01, 0xFF, 0xFF, 0x00, 0x80,
        0xE7, 0x0E, 0xD1, 0x01, 0xFF, 0xFF, 0x00, 0x80, 0xE8, 0x0E, 0xD2, 0x01, 0xFF, 0xFF, 0x00, 0x80,
        0xFD, 0x0E, 0x5B, 0x00, 0xFF, 0xFF, 0x16, 0x81, 0xFE, 0x0E, 0x5B, 0x00, 0xFF, 0xFF, 0x17, 0x81,
        0xFF, 0x0E, 0x5B, 0x00, 0xFF, 0xFF, 0x18, 0x81, 0x00, 0x0F, 0x5B, 0x00, 0xFF, 0xFF, 0x19, 0x81,
        0x01, 0x0F, 0x5B, 0x00, 0xFF, 0xFF, 0x1A, 0x81, 0x02, 0x0F, 0x5B, 0x00, 0xFF, 0xFF, 0x1B, 0x81,
        0x03, 0x0F, 0x5B, 0x00, 0xFF, 0xFF, 0x1C, 0x81, 0x04, 0x0F, 0x5B, 0x00, 0xFF, 0xFF, 0x1D, 0x81,
        0x05, 0x0F, 0x5B, 0x00, 0xFF, 0xFF, 0x1E, 0x81, 0x06, 0x0F, 0x5B, 0x00, 0xFF, 0xFF, 0x1F, 0x81,
        0x1A, 0x0F, 0xF0, 0x00, 0xFF, 0xFF, 0x3D, 0x80, 0x1B, 0x0F, 0xF0, 0x00, 0xFF, 0xFF, 0x3C, 0x80,
        0x1C, 0x0F, 0xF0, 0x00, 0xFF, 0xFF, 0x3E, 0x80, 0x1D, 0x0F, 0x8B, 0x00, 0xFF, 0xFF, 0x27, 0x80,
        0x2C, 0x0F, 0xD3, 0x01, 0xFF, 0xFF, 0x00, 0x80, 0x2D, 0x0F, 0xD3, 0x01, 0xFF, 0xFF, 0x01, 0x80,
        0x2E, 0x0F, 0xD4, 0x01, 0xFF, 0xFF, 0x00, 0x80, 0x2F, 0x0F, 0xD4, 0x01, 0xFF, 0xFF, 0x01, 0x80,
        0x30, 0x0F, 0x0A, 0x00, 0xFF, 0xFF, 0x24, 0x80, 0x31, 0x0F, 0x0F, 0x00, 0xFF, 0xFF, 0x24, 0x80,
        0x32, 0x0F, 0x21, 0x00, 0xFF, 0xFF, 0x1E, 0x80, 0x33, 0x0F, 0x2A, 0x00, 0xFF, 0xFF, 0x25, 0x80,
        0x34, 0x0F, 0x5D, 0x00, 0xFF, 0xFF, 0x1F, 0x80, 0x35, 0x0F, 0x64, 0x00, 0xFF, 0xFF, 0x1F, 0x80,
        0x36, 0x0F, 0x22, 0x00, 0xFF, 0xFF, 0x25, 0x80, 0x37, 0x0F, 0x5A, 0x00, 0xFF, 0xFF, 0x1F, 0x80,
        0x38, 0x0F, 0xAC, 0x00, 0xFF, 0xFF, 0x20, 0x80, 0x39, 0x0F, 0x4F, 0x00, 0xFF, 0xFF, 0x1F, 0x80,
        0x3A, 0x0F, 0x68, 0x00, 0xFF, 0xFF, 0x1C, 0x80, 0x3B, 0x0F, 0x68, 0x00, 0xFF, 0xFF, 0x1D, 0x80,
        0x3C, 0x0F, 0x68, 0x00, 0xFF, 0xFF, 0x1E, 0x80, 0x3D, 0x0F, 0x68, 0x00, 0xFF, 0xFF, 0x1F, 0x80,
        0x3E, 0x0F, 0x68, 0x00, 0xFF, 0xFF, 0x20, 0x80, 0x3F, 0x0F, 0x13, 0x00, 0xFF, 0xFF, 0x1E, 0x80,
        0x40, 0x0F, 0x13, 0x00, 0xFF, 0xFF, 0x1F, 0x80, 0x41, 0x0F, 0x13, 0x00, 0xFF, 0xFF, 0x20, 0x80,
        0x42, 0x0F, 0x13, 0x00, 0xFF, 0xFF, 0x21, 0x80, 0x43, 0x0F, 0x13, 0x00, 0xFF, 0xFF, 0x22, 0x80,
        0x44, 0x0F, 0x13, 0x00, 0xFF, 0xFF, 0x23, 0x80, 0x45, 0x0F, 0x12, 0x00, 0xFF, 0xFF, 0x1F, 0x80,
        0x46, 0x0F, 0x12, 0x00, 0xFF, 0xFF, 0x20, 0x80, 0x47, 0x0F, 0x58, 0x00, 0xFF, 0xFF, 0x1C, 0x80,
        0x48, 0x0F, 0x58, 0x00, 0xFF, 0xFF, 0x1D, 0x80, 0x49, 0x0F, 0x58, 0x00, 0xFF, 0xFF, 0x1E, 0x80,
        0x4A, 0x0F, 0x58, 0x00, 0xFF, 0xFF, 0x1F, 0x80, 0x4B, 0x0F, 0x57, 0x00, 0xFF, 0xFF, 0x1E, 0x80,
        0x4C, 0x0F, 0x57, 0x00, 0xFF, 0xFF, 0x1F, 0x80, 0x4D, 0x0F, 0x65, 0x00, 0xFF, 0xFF, 0x20, 0x80,
        0x4E, 0x0F, 0x59, 0x00, 0xFF, 0xFF, 0x21, 0x80, 0x4F, 0x0F, 0x59, 0x00, 0xFF, 0xFF, 0x22, 0x80,
        0x50, 0x0F, 0xD5, 0x01, 0xFF, 0xFF, 0x00, 0x80, 0x5B, 0x0F, 0x5A, 0x00, 0xFF, 0xFF, 0x20, 0x80,
        0x5C, 0x0F, 0x4F, 0x00, 0xFF, 0xFF, 0x20, 0x80, 0x5D, 0x0F, 0x65, 0x00, 0xFF, 0xFF, 0x21, 0x80,
        0x5E, 0x0F, 0x58, 0x00, 0xFF, 0xFF, 0x20, 0x80, 0x5F, 0x0F, 0x64, 0x00, 0xFF, 0xFF, 0x20, 0x80,
        0x60, 0x0F, 0x21, 0x00, 0xFF, 0xFF, 0x1F, 0x80, 0x61, 0x0F, 0x0F, 0x00, 0xFF, 0xFF, 0x25, 0x80,
        0x62, 0x0F, 0x22, 0x00, 0xFF, 0xFF, 0x26, 0x80, 0x63, 0x0F, 0xD3, 0x01, 0xFF, 0xFF, 0x02, 0x80,
        0x64, 0x0F, 0x68, 0x00, 0xFF, 0xFF, 0x21, 0x80, 0x65, 0x0F, 0x0A, 0x00, 0xFF, 0xFF, 0x25, 0x80,
        0x66, 0x0F, 0x5D, 0x00, 0xFF, 0xFF, 0x20, 0x80, 0x67, 0x0F, 0x2A, 0x00, 0xFF, 0xFF, 0x26, 0x80,
        0x68, 0x0F, 0x57, 0x00, 0xFF, 0xFF, 0x20, 0x80, 0x69, 0x0F, 0x13, 0x00, 0xFF, 0xFF, 0x24, 0x80,
        0x6A, 0x0F, 0xAC, 0x00, 0xFF, 0xFF, 0x21, 0x80, 0x6B, 0x0F, 0x59, 0x00, 0xFF, 0xFF, 0x23, 0x80,
        0x6C, 0x0F, 0xD5, 0x01, 0xFF, 0xFF, 0x01, 0x80, 0x6D, 0x0F, 0x12, 0x00, 0xFF, 0xFF, 0x21, 0x80,
        0x6E, 0x0F, 0xD4, 0x01, 0xFF, 0xFF, 0x02, 0x80, 0x6F, 0x0F, 0xD8, 0x01, 0xFF, 0xFF, 0x00, 0x80,
        0x70, 0x0F, 0xFF, 0xFF, 0xE7, 0x00, 0x00, 0x80, 0x71, 0x0F, 0xD9, 0x01, 0xFF, 0xFF, 0x00, 0x80,
        0x72, 0x0F, 0xFF, 0xFF, 0xE8, 0x00, 0x00, 0x80, 0x73, 0x0F, 0xDA, 0x01, 0xFF, 0xFF, 0x00, 0x80,
        0x74, 0x0F, 0xFF, 0xFF, 0xE9, 0x00, 0x00, 0x80, 0x75, 0x0F, 0x13, 0x00, 0xFF, 0xFF, 0x25, 0x80,
        0x76, 0x0F, 0x5A, 0x00, 0xFF, 0xFF, 0x21, 0x80, 0x77, 0x0F, 0x4F, 0x00, 0xFF, 0xFF, 0x21, 0x80,
        0x78, 0x0F, 0x65, 0x00, 0xFF, 0xFF, 0x22, 0x80, 0x79, 0x0F, 0x64, 0x00, 0xFF, 0xFF, 0x21, 0x80,
        0x7A, 0x0F, 0x21, 0x00, 0xFF, 0xFF, 0x20, 0x80, 0x7B, 0x0F, 0x0F, 0x00, 0xFF, 0xFF, 0x26, 0x80,
        0x7C, 0x0F, 0x22, 0x00, 0xFF, 0xFF, 0x27, 0x80, 0x7D, 0x0F, 0xD3, 0x01, 0xFF, 0xFF, 0x03, 0x80,
        0x7E, 0x0F, 0x68, 0x00, 0xFF, 0xFF, 0x22, 0x80, 0x7F, 0x0F, 0x0A, 0x00, 0xFF, 0xFF, 0x26, 0x80,
        0x80, 0x0F, 0x58, 0x00, 0xFF, 0xFF, 0x21, 0x80, 0x81, 0x0F, 0x5D, 0x00, 0xFF, 0xFF, 0x21, 0x80,
        0x82, 0x0F, 0x2A, 0x00, 0xFF, 0xFF, 0x27, 0x80, 0x83, 0x0F, 0x57, 0x00, 0xFF, 0xFF, 0x21, 0x80,
        0x84, 0x0F, 0xAC, 0x00, 0xFF, 0xFF, 0x22, 0x80, 0x85, 0x0F, 0x59, 0x00, 0xFF, 0xFF, 0x24, 0x80,
        0x86, 0x0F, 0xD5, 0x01, 0xFF, 0xFF, 0x02, 0x80, 0x87, 0x0F, 0x12, 0x00, 0xFF, 0xFF, 0x22, 0x80,
        0x88, 0x0F, 0xD4, 0x01, 0xFF, 0xFF, 0x03, 0x80, 0x89, 0x0F, 0xDB, 0x01, 0xFF, 0xFF, 0x00, 0x80,
        0x8B, 0x0F, 0x78, 0x01, 0xFF, 0xFF, 0x09, 0x80, 0x8C, 0x0F, 0x78, 0x01, 0xFF, 0xFF, 0x0A, 0x80,
        0x8D, 0x0F, 0x78, 0x01, 0xFF, 0xFF, 0x0B, 0x80, 0x8E, 0x0F, 0x78, 0x01, 0xFF, 0xFF, 0x0C, 0x80,
        0x8F, 0x0F, 0x78, 0x01, 0xFF, 0xFF, 0x0D, 0x80, 0x90, 0x0F, 0x78, 0x01, 0xFF, 0xFF, 0x0E, 0x80,
        0x91, 0x0F, 0x78, 0x01, 0xFF, 0xFF, 0x0F, 0x80, 0x92, 0x0F, 0x78, 0x01, 0xFF, 0xFF, 0x10, 0x80,
        0x93, 0x0F, 0x78, 0x01, 0xFF, 0xFF, 0x11, 0x80, 0x94, 0x0F, 0xD3, 0x01, 0xFF, 0xFF, 0x04, 0x80,
        0xC8, 0x0F, 0xDC, 0x01, 0xFF, 0xFF, 0x00, 0x80, 0xC9, 0x0F, 0x03, 0x00, 0xFF, 0xFF, 0x00, 0x80,
        0xCA, 0x0F, 0x03, 0x00, 0xFF, 0xFF, 0x00, 0x80, 0xCB, 0x0F, 0x03, 0x00, 0xFF, 0xFF, 0x00, 0x80,
        0xCC, 0x0F, 0x03, 0x00, 0xFF, 0xFF, 0x00, 0x80, 0xCD, 0x0F, 0x03, 0x00, 0xFF, 0xFF, 0x00, 0x80,
        0xCE, 0x0F, 0x03, 0x00, 0xFF, 0xFF, 0x00, 0x80, 0xCF, 0x0F, 0x03, 0x00, 0xFF, 0xFF, 0x00, 0x80,
        0xD0, 0x0F, 0x03, 0x00, 0xFF, 0xFF, 0x00, 0x80, 0xD2, 0x0F, 0xDE, 0x01, 0xFF, 0xFF, 0x00, 0x80,
        0xD3, 0x0F, 0xDF, 0x01, 0xFF, 0xFF, 0x00, 0x80, 0xD4, 0x0F, 0xFF, 0xFF, 0xEA, 0x00, 0x00, 0x80,
        0xD5, 0x0F, 0xFF, 0xFF, 0xEB, 0x00, 0x00, 0x80, 0xD6, 0x0F, 0xE0, 0x01, 0xFF, 0xFF, 0x00, 0x80,
        0xDF, 0x0F, 0xE6, 0x01, 0xFF, 0xFF, 0x00, 0x80, 0xE0, 0x0F, 0xE7, 0x01, 0xFF, 0xFF, 0x00, 0x80,
        0xE1, 0x0F, 0xE7, 0x01, 0xFF, 0xFF, 0x01, 0x80, 0xE4, 0x0F, 0xD4, 0x02, 0xFF, 0xFF, 0x00, 0x80,
        0xE5, 0x0F, 0xD4, 0x02, 0xFF, 0xFF, 0x00, 0x80, 0xE6, 0x0F, 0xD4, 0x02, 0xFF, 0xFF, 0x00, 0x80,
        0xE7, 0x0F, 0x44, 0x01, 0xFF, 0xFF, 0x0C, 0x80, 0xE8, 0x0F, 0x44, 0x01, 0xFF, 0xFF, 0x06, 0x80,
        0xE9, 0x0F, 0x44, 0x01, 0xFF, 0xFF, 0x09, 0x80, 0xEA, 0x0F, 0xE9, 0x01, 0xFF, 0xFF, 0x00, 0x80,
        0xEB, 0x0F, 0xEA, 0x01, 0xFF, 0xFF, 0x00, 0x80, 0xEC, 0x0F, 0xEB, 0x01, 0xFF, 0xFF, 0x00, 0x80,
        0xED, 0x0F, 0x8B, 0x00, 0xFF, 0xFF, 0x2B, 0x80, 0xEE, 0x0F, 0x8B, 0x00, 0xFF, 0xFF, 0x29, 0x80,
        0xEF, 0x0F, 0x8B, 0x00, 0xFF, 0xFF, 0x2A, 0x80, 0xF0, 0x0F, 0x8B, 0x00, 0xFF, 0xFF, 0x2C, 0x80,
        0xF1, 0x0F, 0x8B, 0x00, 0xFF, 0xFF, 0x2D, 0x80, 0xF2, 0x0F, 0x8B, 0x00, 0xFF, 0xFF, 0x28, 0x80,
        0xF3, 0x0F, 0xED, 0x01, 0xFF, 0xFF, 0x00, 0x80, 0xF4, 0x0F, 0xED, 0x01, 0xFF, 0xFF, 0x01, 0x80,
        0xF5, 0x0F, 0xED, 0x01, 0xFF, 0xFF, 0x02, 0x80, 0xF6, 0x0F, 0xED, 0x01, 0xFF, 0xFF, 0x03, 0x80,
        0xF7, 0x0F, 0xED, 0x01, 0xFF, 0xFF, 0x04, 0x80, 0xF8, 0x0F, 0xED, 0x01, 0xFF, 0xFF, 0x05, 0x80,
        0xF9, 0x0F, 0xEE, 0x01, 0xFF, 0xFF, 0x00, 0x80, 0xFA, 0x0F, 0xEF, 0x01, 0xFF, 0xFF, 0x00, 0x80,
        0xFB, 0x0F, 0xF0, 0x01, 0xFF, 0xFF, 0x00, 0x80, 0x00, 0x10, 0xF1, 0x01, 0xFF, 0xFF, 0x00, 0x80,
        0x01, 0x10, 0xF1, 0x01, 0xFF, 0xFF, 0x01, 0x80, 0x02, 0x10, 0xF1, 0x01, 0xFF, 0xFF, 0x02, 0x80,
        0x03, 0x10, 0xF1, 0x01, 0xFF, 0xFF, 0x03, 0x80, 0x04, 0x10, 0xF1, 0x01, 0xFF, 0xFF, 0x04, 0x80,
        0x05, 0x10, 0xF1, 0x01, 0xFF, 0xFF, 0x05, 0x80, 0x06, 0x10, 0xF1, 0x01, 0xFF, 0xFF, 0x06, 0x80,
        0x07, 0x10, 0xF1, 0x01, 0xFF, 0xFF, 0x07, 0x80, 0x08, 0x10, 0xF1, 0x01, 0xFF, 0xFF, 0x08, 0x80,
        0x09, 0x10, 0xF1, 0x01, 0xFF, 0xFF, 0x09, 0x80, 0x0A, 0x10, 0xF1, 0x01, 0xFF, 0xFF, 0x0A, 0x80,
        0x0B, 0x10, 0xF1, 0x01, 0xFF, 0xFF, 0x0B, 0x80, 0x0C, 0x10, 0xF1, 0x01, 0xFF, 0xFF, 0x0C, 0x80,
        0x0D, 0x10, 0xF1, 0x01, 0xFF, 0xFF, 0x0D, 0x80, 0x0E, 0x10, 0xF1, 0x01, 0xFF, 0xFF, 0x0E, 0x80,
        0x0F, 0x10, 0xF1, 0x01, 0xFF, 0xFF, 0x0F, 0x80, 0x10, 0x10, 0xF1, 0x01, 0xFF, 0xFF, 0x10, 0x80,
        0x11, 0x10, 0xF1, 0x01, 0xFF, 0xFF, 0x11, 0x80, 0x12, 0x10, 0xF1, 0x01, 0xFF, 0xFF, 0x12, 0x80,
        0x13, 0x10, 0xF1, 0x01, 0xFF, 0xFF, 0x13, 0x80, 0x14, 0x10, 0xF1, 0x01, 0xFF, 0xFF, 0x14, 0x80,
        0x15, 0x10, 0xF1, 0x01, 0xFF, 0xFF, 0x15, 0x80, 0x16, 0x10, 0xF1, 0x01, 0xFF, 0xFF, 0x16, 0x80,
        0x17, 0x10, 0xF1, 0x01, 0xFF, 0xFF, 0x17, 0x80, 0x18, 0x10, 0xF1, 0x01, 0xFF, 0xFF, 0x18, 0x80,
        0x19, 0x10, 0xF1, 0x01, 0xFF, 0xFF, 0x19, 0x80, 0x1A, 0x10, 0xF1, 0x01, 0xFF, 0xFF, 0x1A, 0x80,
        0x1B, 0x10, 0xF1, 0x01, 0xFF, 0xFF, 0x1B, 0x80, 0x1C, 0x10, 0xF1, 0x01, 0xFF, 0xFF, 0x1C, 0x80,
        0x1D, 0x10, 0xF1, 0x01, 0xFF, 0xFF, 0x1D, 0x80, 0x1E, 0x10, 0xF1, 0x01, 0xFF, 0xFF, 0x1E, 0x80,
        0x1F, 0x10, 0xF1, 0x01, 0xFF, 0xFF, 0x1F, 0x80, 0x2B, 0x10, 0xF2, 0x01, 0xFF, 0xFF, 0x00, 0x80,
        0x2C, 0x10, 0xFF, 0xFF, 0xEC, 0x00, 0x00, 0x80, 0x2D, 0x10, 0xF1, 0x01, 0xFF, 0xFF, 0x20, 0x80,
        0x2E, 0x10, 0xF3, 0x01, 0xFF, 0xFF, 0x00, 0x80, 0x31, 0x10, 0x5A, 0x00, 0xFF, 0xFF, 0x22, 0x80,
        0x32, 0x10, 0x4F, 0x00, 0xFF, 0xFF, 0x22, 0x80, 0x33, 0x10, 0x65, 0x00, 0xFF, 0xFF, 0x23, 0x80,
        0x34, 0x10, 0x58, 0x00, 0xFF, 0xFF, 0x22, 0x80, 0x35, 0x10, 0x64, 0x00, 0xFF, 0xFF, 0x22, 0x80,
        0x36, 0x10, 0x21, 0x00, 0xFF, 0xFF, 0x21, 0x80, 0x37, 0x10, 0x0F, 0x00, 0xFF, 0xFF, 0x27, 0x80,
        0x38, 0x10, 0x22, 0x00, 0xFF, 0xFF, 0x28, 0x80, 0x39, 0x10, 0xD3, 0x01, 0xFF, 0xFF, 0x05, 0x80,
        0x3A, 0x10, 0x68, 0x00, 0xFF, 0xFF, 0x23, 0x80, 0x3B, 0x10, 0x0A, 0x00, 0xFF, 0xFF, 0x27, 0x80,
        0x3C, 0x10, 0x5D, 0x00, 0xFF, 0xFF, 0x22, 0x80, 0x3D, 0x10, 0x2A, 0x00, 0xFF, 0xFF, 0x28, 0x80,
        0x3E, 0x10, 0x57, 0x00, 0xFF, 0xFF, 0x22, 0x80, 0x3F, 0x10, 0x13, 0x00, 0xFF, 0xFF, 0x26, 0x80,
        0x40, 0x10, 0xAC, 0x00, 0xFF, 0xFF, 0x23, 0x80, 0x41, 0x10, 0x59, 0x00, 0xFF, 0xFF, 0x25, 0x80,
        0x42, 0x10, 0xD5, 0x01, 0xFF, 0xFF, 0x03, 0x80, 0x43, 0x10, 0x12, 0x00, 0xFF, 0xFF, 0x23, 0x80,
        0x44, 0x10, 0xD4, 0x01, 0xFF, 0xFF, 0x05, 0x80, 0x45, 0x10, 0xF1, 0x01, 0xFF, 0xFF, 0x21, 0x80,
        0x46, 0x10, 0x5A, 0x00, 0xFF, 0xFF, 0x23, 0x80, 0x47, 0x10, 0x4F, 0x00, 0xFF, 0xFF, 0x23, 0x80,
        0x48, 0x10, 0x65, 0x00, 0xFF, 0xFF, 0x24, 0x80, 0x49, 0x10, 0x58, 0x00, 0xFF, 0xFF, 0x23, 0x80,
        0x4A, 0x10, 0x64, 0x00, 0xFF, 0xFF, 0x23, 0x80, 0x4B, 0x10, 0x21, 0x00, 0xFF, 0xFF, 0x22, 0x80,
        0x4C, 0x10, 0x0F, 0x00, 0xFF, 0xFF, 0x28, 0x80, 0x4D, 0x10, 0x22, 0x00, 0xFF, 0xFF, 0x29, 0x80,
        0x4E, 0x10, 0xD3, 0x01, 0xFF, 0xFF, 0x06, 0x80, 0x4F, 0x10, 0x68, 0x00, 0xFF, 0xFF, 0x24, 0x80,
        0x50, 0x10, 0x0A, 0x00, 0xFF, 0xFF, 0x28, 0x80, 0x51, 0x10, 0x5D, 0x00, 0xFF, 0xFF, 0x23, 0x80,
        0x52, 0x10, 0x2A, 0x00, 0xFF, 0xFF, 0x29, 0x80, 0x53, 0x10, 0x57, 0x00, 0xFF, 0xFF, 0x23, 0x80,
        0x54, 0x10, 0x13, 0x00, 0xFF, 0xFF, 0x27, 0x80, 0x55, 0x10, 0xAC, 0x00, 0xFF, 0xFF, 0x24, 0x80,
        0x56, 0x10, 0x59, 0x00, 0xFF, 0xFF, 0x26, 0x80, 0x57, 0x10, 0xD5, 0x01, 0xFF, 0xFF, 0x04, 0x80,
        0x58, 0x10, 0x12, 0x00, 0xFF, 0xFF, 0x24, 0x80, 0x59, 0x10, 0xD4, 0x01, 0xFF, 0xFF, 0x06, 0x80,
        0x5A, 0x10, 0xF1, 0x01, 0xFF, 0xFF, 0x22, 0x80, 0x5B, 0x10, 0x5A, 0x00, 0xFF, 0xFF, 0x24, 0x80,
        0x5C, 0x10, 0x4F, 0x00, 0xFF, 0xFF, 0x24, 0x80, 0x5D, 0x10, 0x65, 0x00, 0xFF, 0xFF, 0x25, 0x80,
        0x5E, 0x10, 0x58, 0x00, 0xFF, 0xFF, 0x24, 0x80, 0x5F, 0x10, 0x64, 0x00, 0xFF, 0xFF, 0x24, 0x80,
        0x60, 0x10, 0x21, 0x00, 0xFF, 0xFF, 0x23, 0x80, 0x61, 0x10, 0x0F, 0x00, 0xFF, 0xFF, 0x29, 0x80,
        0x62, 0x10, 0x22, 0x00, 0xFF, 0xFF, 0x2A, 0x80, 0x63, 0x10, 0xD3, 0x01, 0xFF, 0xFF, 0x07, 0x80,
        0x64, 0x10, 0x68, 0x00, 0xFF, 0xFF, 0x25, 0x80, 0x65, 0x10, 0x0A, 0x00, 0xFF, 0xFF, 0x29, 0x80,
        0x66, 0x10, 0x5D, 0x00, 0xFF, 0xFF, 0x24, 0x80, 0x67, 0x10, 0x2A, 0x00, 0xFF, 0xFF, 0x2A, 0x80,
        0x68, 0x10, 0x57, 0x00, 0xFF, 0xFF, 0x24, 0x80, 0x69, 0x10, 0x13, 0x00, 0xFF, 0xFF, 0x28, 0x80,
        0x6A, 0x10, 0xAC, 0x00, 0xFF, 0xFF, 0x25, 0x80, 0x6B, 0x10, 0x59, 0x00, 0xFF, 0xFF, 0x27, 0x80,
        0x6C, 0x10, 0xD5, 0x01, 0xFF, 0xFF, 0x05, 0x80, 0x6D, 0x10, 0x12, 0x00, 0xFF, 0xFF, 0x25, 0x80,
        0x6E, 0x10, 0xD4, 0x01, 0xFF, 0xFF, 0x07, 0x80, 0x6F, 0x10, 0xF1, 0x01, 0xFF, 0xFF, 0x23, 0x80,
        0x70, 0x10, 0x5A, 0x00, 0xFF, 0xFF, 0x25, 0x80, 0x71, 0x10, 0x4F, 0x00, 0xFF, 0xFF, 0x25, 0x80,
        0x72, 0x10, 0x65, 0x00, 0xFF, 0xFF, 0x26, 0x80, 0x73, 0x10, 0x58, 0x00, 0xFF, 0xFF, 0x25, 0x80,
        0x74, 0x10, 0x64, 0x00, 0xFF, 0xFF, 0x25, 0x80, 0x75, 0x10, 0x21, 0x00, 0xFF, 0xFF, 0x24, 0x80,
        0x76, 0x10, 0x0F, 0x00, 0xFF, 0xFF, 0x2A, 0x80, 0x77, 0x10, 0x22, 0x00, 0xFF, 0xFF, 0x2B, 0x80,
        0x78, 0x10, 0xD3, 0x01, 0xFF, 0xFF, 0x08, 0x80, 0x79, 0x10, 0x68, 0x00, 0xFF, 0xFF, 0x26, 0x80,
        0x7A, 0x10, 0x0A, 0x00, 0xFF, 0xFF, 0x2A, 0x80, 0x7B, 0x10, 0x5D, 0x00, 0xFF, 0xFF, 0x25, 0x80,
        0x7C, 0x10, 0x2A, 0x00, 0xFF, 0xFF, 0x2B, 0x80, 0x7D, 0x10, 0x57, 0x00, 0xFF, 0xFF, 0x25, 0x80,
        0x7E, 0x10, 0x13, 0x00, 0xFF, 0xFF, 0x29, 0x80, 0x7F, 0x10, 0xAC, 0x00, 0xFF, 0xFF, 0x26, 0x80,
        0x80, 0x10, 0x59, 0x00, 0xFF, 0xFF, 0x28, 0x80, 0x81, 0x10, 0xD5, 0x01, 0xFF, 0xFF, 0x06, 0x80,
        0x82, 0x10, 0x12, 0x00, 0xFF, 0xFF, 0x26, 0x80, 0x83, 0x10, 0xD4, 0x01, 0xFF, 0xFF, 0x08, 0x80,
        0x84, 0x10, 0xF1, 0x01, 0xFF, 0xFF, 0x24, 0x80, 0x85, 0x10, 0xF4, 0x01, 0xFF, 0xFF, 0x00, 0x80,
        0x86, 0x10, 0xF5, 0x01, 0xFF, 0xFF, 0x00, 0x80, 0x87, 0x10, 0xF6, 0x01, 0xFF, 0xFF, 0x00, 0x80,
        0x88, 0x10, 0xF7, 0x01, 0xFF, 0xFF, 0x00, 0x80, 0x89, 0x10, 0xFF, 0xFF, 0xED, 0x00, 0x00, 0x80,
        0x8A, 0x10, 0xFF, 0xFF, 0xEE, 0x00, 0x00, 0x80, 0x8B, 0x10, 0xFF, 0xFF, 0xEF, 0x00, 0x00, 0x80,
        0x8C, 0x10, 0xFF, 0xFF, 0xF0, 0x00, 0x00, 0x80, 0x8D, 0x10, 0x8B, 0x00, 0xFF, 0xFF, 0x2E, 0x80,
        0x8E, 0x10, 0xE1, 0x01, 0xFF, 0xFF, 0x00, 0x80, 0x8F, 0x10, 0xE2, 0x01, 0xFF, 0xFF, 0x00, 0x80,
        0x90, 0x10, 0xE3, 0x01, 0xFF, 0xFF, 0x00, 0x80, 0x91, 0x10, 0x03, 0x00, 0xFF, 0xFF, 0x00, 0x80,
        0xA4, 0x10, 0xFF, 0xFF, 0xF1, 0x00, 0x00, 0x80, 0xA5, 0x10, 0x87, 0x00, 0xFF, 0xFF, 0x07, 0x80,
        0xA9, 0x10, 0xD3, 0x01, 0xFF, 0xFF, 0x09, 0x80, 0xAA, 0x10, 0xD4, 0x01, 0xFF, 0xFF, 0x09, 0x80,
        0xAB, 0x10, 0xD3, 0x01, 0xFF, 0xFF, 0x0A, 0x80, 0xAC, 0x10, 0xD4, 0x01, 0xFF, 0xFF, 0x0A, 0x80,
        0xB2, 0x10, 0xD4, 0x02, 0xFF, 0xFF, 0x00, 0x80, 0xB3, 0x10, 0xF9, 0x01, 0xFF, 0xFF, 0x00, 0x80,
        0xB4, 0x10, 0xFA, 0x01, 0xFF, 0xFF, 0x00, 0x80, 0xB5, 0x10, 0xFB, 0x01, 0xFF, 0xFF, 0x00, 0x80,
        0xB6, 0x10, 0xFC, 0x01, 0xFF, 0xFF, 0x00, 0x80, 0xB7, 0x10, 0xFF, 0xFF, 0xF2, 0x00, 0x00, 0x80,
        0xB8, 0x10, 0xFF, 0xFF, 0xF3, 0x00, 0x00, 0x80, 0xCA, 0x10, 0x5A, 0x00, 0xFF, 0xFF, 0x26, 0x80,
        0xCB, 0x10, 0x4F, 0x00, 0xFF, 0xFF, 0x26, 0x80, 0xCC, 0x10, 0x65, 0x00, 0xFF, 0xFF, 0x27, 0x80,
        0xCD, 0x10, 0x58, 0x00, 0xFF, 0xFF, 0x26, 0x80, 0xCE, 0x10, 0x64, 0x00, 0xFF, 0xFF, 0x26, 0x80,
        0xCF, 0x10, 0x21, 0x00, 0xFF, 0xFF, 0x25, 0x80, 0xD0, 0x10, 0x0F, 0x00, 0xFF, 0xFF, 0x2B, 0x80,
        0xD1, 0x10, 0x22, 0x00, 0xFF, 0xFF, 0x2C, 0x80, 0xD2, 0x10, 0x68, 0x00, 0xFF, 0xFF, 0x27, 0x80,
        0xD3, 0x10, 0x0A, 0x00, 0xFF, 0xFF, 0x2B, 0x80, 0xD4, 0x10, 0x5D, 0x00, 0xFF, 0xFF, 0x26, 0x80,
        0xD5, 0x10, 0x2A, 0x00, 0xFF, 0xFF, 0x2C, 0x80, 0xD6, 0x10, 0x57, 0x00, 0xFF, 0xFF, 0x26, 0x80,
        0xD7, 0x10, 0x13, 0x00, 0xFF, 0xFF, 0x2A, 0x80, 0xD8, 0x10, 0xAC, 0x00, 0xFF, 0xFF, 0x27, 0x80,
        0xD9, 0x10, 0x59, 0x00, 0xFF, 0xFF, 0x29, 0x80, 0xDA, 0x10, 0xD5, 0x01, 0xFF, 0xFF, 0x07, 0x80,
        0xDB, 0x10, 0x12, 0x00, 0xFF, 0xFF, 0x27, 0x80, 0xDC, 0x10, 0xF1, 0x01, 0xFF, 0xFF, 0x25, 0x80,
        0xDE, 0x10, 0xFD, 0x01, 0xFF, 0xFF, 0x00, 0x80, 0xDF, 0x10, 0xFE, 0x01, 0xFF, 0xFF, 0x00, 0x80,
        0xE0, 0x10, 0xFF, 0x01, 0xFF, 0xFF, 0x00, 0x80, 0xE6, 0x10, 0x08, 0x02, 0xFF, 0xFF, 0x00, 0x80,
        0xE7, 0x10, 0x09, 0x02, 0xFF, 0xFF, 0x00, 0x80, 0xE8, 0x10, 0x0A, 0x02, 0xFF, 0xFF, 0x00, 0x80,
        0xE9, 0x10, 0x0B, 0x02, 0xFF, 0xFF, 0x00, 0x80, 0xEA, 0x10, 0x0C, 0x02, 0xFF, 0xFF, 0x00, 0x80,
        0xEB, 0x10, 0x0D, 0x02, 0xFF, 0xFF, 0x00, 0x80, 0xEC, 0x10, 0x0E, 0x02, 0xFF, 0xFF, 0x00, 0x80,
        0xED, 0x10, 0x0F, 0x02, 0xFF, 0xFF, 0x00, 0x80, 0xEE, 0x10, 0xD4, 0x02, 0xFF, 0xFF, 0x00, 0x80,
        0xEF, 0x10, 0xD4, 0x02, 0xFF, 0xFF, 0x00, 0x80, 0xF0, 0x10, 0xD4, 0x02, 0xFF, 0xFF, 0x00, 0x80,
        0xF1, 0x10, 0xD4, 0x02, 0xFF, 0xFF, 0x00, 0x80, 0xF2, 0x10, 0xD4, 0x02, 0xFF, 0xFF, 0x00, 0x80,
        0xF3, 0x10, 0xD4, 0x02, 0xFF, 0xFF, 0x00, 0x80, 0xF4, 0x10, 0xD4, 0x02, 0xFF, 0xFF, 0x00, 0x80,
        0xF6, 0x10, 0x69, 0x00, 0xFF, 0xFF, 0x4E, 0x80, 0xFD, 0x10, 0xB3, 0x00, 0xFF, 0xFF, 0x00, 0x80,
        0xFE, 0x10, 0xB4, 0x00, 0xFF, 0xFF, 0x00, 0x80, 0xFF, 0x10, 0xB5, 0x00, 0xFF, 0xFF, 0x00, 0x80,
        0x00, 0x11, 0xB6, 0x00, 0xFF, 0xFF, 0x00, 0x80, 0x01, 0x11, 0xB7, 0x00, 0xFF, 0xFF, 0x00, 0x80,
        0x02, 0x11, 0x7D, 0x01, 0xFF, 0xFF, 0x00, 0x80, 0x03, 0x11, 0x13, 0x02, 0xFF, 0xFF, 0x00, 0x80,
        0x04, 0x11, 0x8B, 0x00, 0xFF, 0xFF, 0x2F, 0x80, 0x05, 0x11, 0x8B, 0x00, 0xFF, 0xFF, 0x30, 0x80,
        0x06, 0x11, 0x8B, 0x00, 0xFF, 0xFF, 0x31, 0x80, 0x07, 0x11, 0xD4, 0x02, 0xFF, 0xFF, 0x00, 0x80,
        0x08, 0x11, 0x69, 0x00, 0xFF, 0xFF, 0x4D, 0x80, 0x09, 0x11, 0xD4, 0x02, 0xFF, 0xFF, 0x00, 0x80,
        0x0A, 0x11, 0xD4, 0x02, 0xFF, 0xFF, 0x00, 0x80, 0x0B, 0x11, 0xD4, 0x02, 0xFF, 0xFF, 0x00, 0x80,
        0x0C, 0x11, 0x14, 0x02, 0xFF, 0xFF, 0x00, 0x80, 0x0F, 0x11, 0xD3, 0x02, 0xFF, 0xFF, 0x00, 0x00,
        0x10, 0x11, 0xD3, 0x02, 0xFF, 0xFF, 0x00, 0x00, 0x11, 0x11, 0xD3, 0x02, 0xFF, 0xFF, 0x00, 0x00,
        0x12, 0x11, 0xD3, 0x02, 0xFF, 0xFF, 0x00, 0x00, 0x13, 0x11, 0xD3, 0x02, 0xFF, 0xFF, 0x00, 0x00,
        0x15, 0x11, 0xD4, 0x02, 0xFF, 0xFF, 0x00, 0x80, 0x16, 0x11, 0xD4, 0x02, 0xFF, 0xFF, 0x00, 0x80,
        0x17, 0x11, 0xD4, 0x02, 0xFF, 0xFF, 0x00, 0x80, 0x18, 0x11, 0x15, 0x02, 0xFF, 0xFF, 0x00, 0x80,
        0x19, 0x11, 0x16, 0x02, 0xFF, 0xFF, 0x00, 0x80, 0x1A, 0x11, 0x18, 0x02, 0xFF, 0xFF, 0x00, 0x80,
        0x1B, 0x11, 0xD3, 0x02, 0xFF, 0xFF, 0x00, 0x00, 0x1C, 0x11, 0x1A, 0x02, 0xFF, 0xFF, 0x00, 0x80,
        0x1F, 0x11, 0x04, 0x00, 0xFF, 0xFF, 0x10, 0x80, 0x20, 0x11, 0x04, 0x00, 0xFF, 0xFF, 0x11, 0x80,
        0x21, 0x11, 0x04, 0x00, 0xFF, 0xFF, 0x12, 0x80, 0x22, 0x11, 0x04, 0x00, 0xFF, 0xFF, 0x13, 0x80,
        0x23, 0x11, 0x04, 0x00, 0xFF, 0xFF, 0x14, 0x80, 0x24, 0x11, 0x04, 0x00, 0xFF, 0xFF, 0x15, 0x80,
        0x25, 0x11, 0x1B, 0x02, 0xFF, 0xFF, 0x00, 0x80, 0x26, 0x11, 0xE4, 0x01, 0xFF, 0xFF, 0x00, 0x80,
        0x27, 0x11, 0xA2, 0x00, 0xFF, 0xFF, 0x00, 0x80, 0x28, 0x11, 0x1D, 0x02, 0xFF, 0xFF, 0x00, 0x80,
        0x2B, 0x11, 0xD4, 0x02, 0xFF, 0xFF, 0x00, 0x80, 0x2C, 0x11, 0x1E, 0x02, 0xFF, 0xFF, 0x00, 0x80,
        0x2D, 0x11, 0x69, 0x00, 0xFF, 0xFF, 0x4C, 0x80, 0x2E, 0x11, 0x1F, 0x02, 0xFF, 0xFF, 0x00, 0x80,
        0x2F, 0x11, 0x20, 0x02, 0xFF, 0xFF, 0x00, 0x80, 0x35, 0x11, 0x78, 0x01, 0xFF, 0xFF, 0x12, 0x80,
        0x36, 0x11, 0x78, 0x01, 0xFF, 0xFF, 0x13, 0x80, 0x37, 0x11, 0x78, 0x01, 0xFF, 0xFF, 0x14, 0x80,
        0x38, 0x11, 0x78, 0x01, 0xFF, 0xFF, 0x15, 0x80, 0x3F, 0x11, 0x0A, 0x00, 0xFF, 0xFF, 0x2C, 0x80,
        0x40, 0x11, 0x13, 0x00, 0xFF, 0xFF, 0x2B, 0x80, 0x41, 0x11, 0xCF, 0x00, 0xFF, 0xFF, 0x09, 0x80,
        0x42, 0x11, 0xD4, 0x02, 0xFF, 0xFF, 0x00, 0x80, 0x43, 0x11, 0xD4, 0x02, 0xFF, 0xFF, 0x00, 0x80,
        0x44, 0x11, 0x21, 0x02, 0xFF, 0xFF, 0x00, 0x80, 0x45, 0x11, 0x8B, 0x00, 0xFF, 0xFF, 0x32, 0x80,
        0x46, 0x11, 0x22, 0x02, 0xFF, 0xFF, 0x00, 0x80, 0x48, 0x11, 0xFF, 0xFF, 0xF5, 0x00, 0x00, 0x80,
        0x4E, 0x11, 0x23, 0x02, 0xFF, 0xFF, 0x00, 0x80, 0x4F, 0x11, 0x23, 0x02, 0xFF, 0xFF, 0x01, 0x80,
        0x50, 0x11, 0x23, 0x02, 0xFF, 0xFF, 0x02, 0x80, 0x51, 0x11, 0x23, 0x02, 0xFF, 0xFF, 0x03, 0x80,
        0x52, 0x11, 0x23, 0x02, 0xFF, 0xFF, 0x04, 0x80, 0x53, 0x11, 0x24, 0x02, 0xFF, 0xFF, 0x00, 0x80,
        0x54, 0x11, 0x24, 0x02, 0xFF, 0xFF, 0x01, 0x80, 0x55, 0x11, 0x24, 0x02, 0xFF, 0xFF, 0x02, 0x80,
        0x56, 0x11, 0x24, 0x02, 0xFF, 0xFF, 0x03, 0x80, 0x57, 0x11, 0x24, 0x02, 0xFF, 0xFF, 0x04, 0x80,
        0x58, 0x11, 0x24, 0x02, 0xFF, 0xFF, 0x05, 0x80, 0x59, 0x11, 0x24, 0x02, 0xFF, 0xFF, 0x06, 0x80,
        0x6C, 0x11, 0x28, 0x02, 0xFF, 0xFF, 0x00, 0x00, 0x6D, 0x11, 0x26, 0x02, 0xFF, 0xFF, 0x00, 0x80,
        0x6E, 0x11, 0x27, 0x02, 0xFF, 0xFF, 0x00, 0x80, 0x70, 0x11, 0xD4, 0x02, 0xFF, 0xFF, 0x00, 0x80,
        0x71, 0x11, 0xD4, 0x02, 0xFF, 0xFF, 0x00, 0x80, 0x72, 0x11, 0x69, 0x00, 0xFF, 0xFF, 0x4F, 0x80,
        0x79, 0x11, 0x29, 0x02, 0xFF, 0xFF, 0x00, 0x80, 0x7A, 0x11, 0x2A, 0x02, 0xFF, 0xFF, 0x00, 0x80,
        0x7B, 0x11, 0x2B, 0x02, 0xFF, 0xFF, 0x00, 0x80, 0x7C, 0x11, 0x2C, 0x02, 0xFF, 0xFF, 0x00, 0x80,
        0x80, 0x11, 0xD4, 0x02, 0xFF, 0xFF, 0x00, 0x80, 0x81, 0x11, 0x2E, 0x02, 0xFF, 0xFF, 0x00, 0x80,
        0x82, 0x11, 0xD4, 0x02, 0xFF, 0xFF, 0x00, 0x80, 0x83, 0x11, 0x2F, 0x02, 0xFF, 0xFF, 0x00, 0x80,
        0x84, 0x11, 0x90, 0x00, 0xFF, 0xFF, 0x03, 0x80, 0x85, 0x11, 0x90, 0x00, 0xFF, 0xFF, 0x04, 0x80,
        0x86, 0x11, 0xFF, 0xFF, 0xF6, 0x00, 0x00, 0x80, 0x87, 0x11, 0xFF, 0xFF, 0xF7, 0x00, 0x00, 0x80,
        0x88, 0x11, 0xFF, 0xFF, 0xF8, 0x00, 0x00, 0x80, 0x89, 0x11, 0xFF, 0xFF, 0xF9, 0x00, 0x00, 0x80,
        0x8A, 0x11, 0xFF, 0xFF, 0xFA, 0x00, 0x00, 0x80, 0x8B, 0x11, 0xFF, 0xFF, 0xFB, 0x00, 0x00, 0x80,
        0x8C, 0x11, 0xFF, 0xFF, 0xFC, 0x00, 0x00, 0x80, 0x8D, 0x11, 0xFF, 0xFF, 0xFD, 0x00, 0x00, 0x80,
        0x8E, 0x11, 0xFF, 0xFF, 0xFE, 0x00, 0x00, 0x80, 0x8F, 0x11, 0xFF, 0xFF, 0xFF, 0x00, 0x00, 0x80,
        0x90, 0x11, 0xFF, 0xFF, 0x00, 0x01, 0x00, 0x80, 0x91, 0x11, 0xFF, 0xFF, 0x01, 0x01, 0x00, 0x80,
        0x92, 0x11, 0xFF, 0xFF, 0x02, 0x01, 0x00, 0x80, 0x93, 0x11, 0xFF, 0xFF, 0x03, 0x01, 0x00, 0x80,
        0x94, 0x11, 0xFF, 0xFF, 0x04, 0x01, 0x00, 0x80, 0x95, 0x11, 0xFF, 0xFF, 0x05, 0x01, 0x00, 0x80,
        0x96, 0x11, 0xFF, 0xFF, 0x06, 0x01, 0x00, 0x80, 0x97, 0x11, 0xFF, 0xFF, 0x07, 0x01, 0x00, 0x80,
        0x98, 0x11, 0xFF, 0xFF, 0x08, 0x01, 0x00, 0x80, 0x99, 0x11, 0xFF, 0xFF, 0x09, 0x01, 0x00, 0x80,
        0x9A, 0x11, 0xFF, 0xFF, 0x0A, 0x01, 0x00, 0x80, 0x9B, 0x11, 0xFF, 0xFF, 0x0B, 0x01, 0x00, 0x80,
        0x9C, 0x11, 0xFF, 0xFF, 0x0C, 0x01, 0x00, 0x80, 0x9D, 0x11, 0xFF, 0xFF, 0x0D, 0x01, 0x00, 0x80,
        0x9E, 0x11, 0xFF, 0xFF, 0x0E, 0x01, 0x00, 0x80, 0x9F, 0x11, 0xFF, 0xFF, 0x0F, 0x01, 0x00, 0x80,
        0xA0, 0x11, 0xFF, 0xFF, 0x12, 0x01, 0x00, 0x80, 0xA1, 0x11, 0xFF, 0xFF, 0x14, 0x01, 0x00, 0x80,
        0xA2, 0x11, 0xFF, 0xFF, 0x15, 0x01, 0x00, 0x80, 0xA3, 0x11, 0xFF, 0xFF, 0x16, 0x01, 0x00, 0x80,
        0xA4, 0x11, 0xFF, 0xFF, 0x17, 0x01, 0x00, 0x80, 0xA5, 0x11, 0xFF, 0xFF, 0x18, 0x01, 0x00, 0x80,
        0xA6, 0x11, 0xFF, 0xFF, 0x19, 0x01, 0x00, 0x80, 0xA7, 0x11, 0xFF, 0xFF, 0x1A, 0x01, 0x00, 0x80,
        0xA8, 0x11, 0xFF, 0xFF, 0x1B, 0x01, 0x00, 0x80, 0xA9, 0x11, 0xFF, 0xFF, 0x1C, 0x01, 0x00, 0x80,
        0xAA, 0x11, 0xFF, 0xFF, 0x1D, 0x01, 0x00, 0x80, 0xAB, 0x11, 0xFF, 0xFF, 0x1E, 0x01, 0x00, 0x80,
        0xAC, 0x11, 0xFF, 0xFF, 0x1F, 0x01, 0x00, 0x80, 0xAD, 0x11, 0xFF, 0xFF, 0x20, 0x01, 0x00, 0x80,
        0xAE, 0x11, 0xFF, 0xFF, 0x21, 0x01, 0x00, 0x80, 0xAF, 0x11, 0xFF, 0xFF, 0x22, 0x01, 0x00, 0x80,
        0xB0, 0x11, 0xFF, 0xFF, 0x23, 0x01, 0x00, 0x80, 0xB1, 0x11, 0xFF, 0xFF, 0x24, 0x01, 0x00, 0x80,
        0xB2, 0x11, 0xFF, 0xFF, 0x25, 0x01, 0x00, 0x80, 0xB3, 0x11, 0xFF, 0xFF, 0x26, 0x01, 0x00, 0x80,
        0xB4, 0x11, 0xFF, 0xFF, 0x27, 0x01, 0x00, 0x80, 0xB5, 0x11, 0xFF, 0xFF, 0x28, 0x01, 0x00, 0x80,
        0xB6, 0x11, 0xFF, 0xFF, 0x29, 0x01, 0x00, 0x80, 0xB7, 0x11, 0xFF, 0xFF, 0x2A, 0x01, 0x00, 0x80,
        0xB8, 0x11, 0xFF, 0xFF, 0x2B, 0x01, 0x00, 0x80, 0xB9, 0x11, 0xFF, 0xFF, 0x2C, 0x01, 0x00, 0x80,
        0xBA, 0x11, 0xFF, 0xFF, 0x2D, 0x01, 0x00, 0x80, 0xBB, 0x11, 0xFF, 0xFF, 0x2E, 0x01, 0x00, 0x80,
        0xBC, 0x11, 0xFF, 0xFF, 0x2F, 0x01, 0x00, 0x80, 0xBD, 0x11, 0x5B, 0x00, 0xFF, 0xFF, 0x20, 0x81,
        0xBE, 0x11, 0x5B, 0x00, 0xFF, 0xFF, 0x21, 0x81, 0xBF, 0x11, 0x5B, 0x00, 0xFF, 0xFF, 0x22, 0x81,
        0xC0, 0x11, 0x5B, 0x00, 0xFF, 0xFF, 0x23, 0x81, 0xC1, 0x11, 0x5B, 0x00, 0xFF, 0xFF, 0x24, 0x81,
        0xC2, 0x11, 0x5B, 0x00, 0xFF, 0xFF, 0x25, 0x81, 0xC3, 0x11, 0x33, 0x02, 0xFF, 0xFF, 0x00, 0x80,
        0xC4, 0x11, 0xFF, 0xFF, 0x39, 0x01, 0x00, 0x80, 0xC8, 0x11, 0x35, 0x02, 0xFF, 0xFF, 0x00, 0x80,
        0xC9, 0x11, 0x34, 0x02, 0xFF, 0xFF, 0x00, 0x80, 0xCA, 0x11, 0x31, 0x02, 0xFF, 0xFF, 0x00, 0x80,
        0xD4, 0x11, 0x32, 0x02, 0xFF, 0xFF, 0x00, 0x80, 0xD5, 0x11, 0xFF, 0xFF, 0x38, 0x01, 0x00, 0x80,
        0xD6, 0x11, 0x5A, 0x00, 0xFF, 0xFF, 0x27, 0x80, 0xD7, 0x11, 0x4F, 0x00, 0xFF, 0xFF, 0x27, 0x80,
        0xD8, 0x11, 0x65, 0x00, 0xFF, 0xFF, 0x28, 0x80, 0xD9, 0x11, 0x58, 0x00, 0xFF, 0xFF, 0x27, 0x80,
        0xDA, 0x11, 0x64, 0x00, 0xFF, 0xFF, 0x27, 0x80, 0xDB, 0x11, 0x21, 0x00, 0xFF, 0xFF, 0x26, 0x80,
        0xDC, 0x11, 0x0F, 0x00, 0xFF, 0xFF, 0x2C, 0x80, 0xDD, 0x11, 0x22, 0x00, 0xFF, 0xFF, 0x2D, 0x80,
        0xDE, 0x11, 0xD3, 0x01, 0xFF, 0xFF, 0x0B, 0x80, 0xDF, 0x11, 0x68, 0x00, 0xFF, 0xFF, 0x28, 0x80,
        0xE0, 0x11, 0x0A, 0x00, 0xFF, 0xFF, 0x2D, 0x80, 0xE1, 0x11, 0x5D, 0x00, 0xFF, 0xFF, 0x27, 0x80,
        0xE2, 0x11, 0x2A, 0x00, 0xFF, 0xFF, 0x2D, 0x80, 0xE3, 0x11, 0x57, 0x00, 0xFF, 0xFF, 0x27, 0x80,
        0xE4, 0x11, 0x13, 0x00, 0xFF, 0xFF, 0x2C, 0x80, 0xE5, 0x11, 0xAC, 0x00, 0xFF, 0xFF, 0x28, 0x80,
        0xE6, 0x11, 0x59, 0x00, 0xFF, 0xFF, 0x2A, 0x80, 0xE7, 0x11, 0xD5, 0x01, 0xFF, 0xFF, 0x08, 0x80,
        0xE8, 0x11, 0x12, 0x00, 0xFF, 0xFF, 0x28, 0x80, 0xE9, 0x11, 0xD4, 0x01, 0xFF, 0xFF, 0x0B, 0x80,
        0xEA, 0x11, 0xF1, 0x01, 0xFF, 0xFF, 0x26, 0x80, 0xF7, 0x11, 0x30, 0x02, 0xFF, 0xFF, 0x00, 0x80,
        0xF8, 0x11, 0x30, 0x02, 0xFF, 0xFF, 0x01, 0x80, 0xF9, 0x11, 0x30, 0x02, 0xFF, 0xFF, 0x02, 0x80,
        0xFA, 0x11, 0x5B, 0x00, 0xFF, 0xFF, 0x26, 0x81, 0xFE, 0x11, 0x8B, 0x00, 0xFF, 0xFF, 0x33, 0x80,
        0x01, 0x12, 0x37, 0x02, 0xFF, 0xFF, 0x00, 0x80, 0x02, 0x12, 0xD3, 0x02, 0xFF, 0xFF, 0x00, 0x00,
        0x03, 0x12, 0xD3, 0x02, 0xFF, 0xFF, 0x00, 0x00, 0x04, 0x12, 0xD3, 0x02, 0xFF, 0xFF, 0x00, 0x00,
        0x05, 0x12, 0xD3, 0x02, 0xFF, 0xFF, 0x00, 0x00, 0x12, 0x12, 0xF0, 0x00, 0xFF, 0xFF, 0x3F, 0x80,
        0x13, 0x12, 0xF0, 0x00, 0xFF, 0xFF, 0x40, 0x80, 0x14, 0x12, 0xF0, 0x00, 0xFF, 0xFF, 0x41, 0x80,
        0x15, 0x12, 0xF0, 0x00, 0xFF, 0xFF, 0x42, 0x80, 0x16, 0x12, 0xF0, 0x00, 0xFF, 0xFF, 0x43, 0x80,
        0x17, 0x12, 0xF0, 0x00, 0xFF, 0xFF, 0x44, 0x80, 0x18, 0x12, 0xF2, 0x00, 0xFF, 0xFF, 0x25, 0x80,
        0x19, 0x12, 0xF2, 0x00, 0xFF, 0xFF, 0x26, 0x80, 0x1A, 0x12, 0xF2, 0x00, 0xFF, 0xFF, 0x27, 0x80,
        0x1B, 0x12, 0xF2, 0x00, 0xFF, 0xFF, 0x28, 0x80, 0x1C, 0x12, 0xF2, 0x00, 0xFF, 0xFF, 0x29, 0x80,
        0x1D, 0x12, 0xF2, 0x00, 0xFF, 0xFF, 0x2A, 0x80, 0x1E, 0x12, 0xF5, 0x00, 0xFF, 0xFF, 0x07, 0x80,
        0x1F, 0x12, 0xF5, 0x00, 0xFF, 0xFF, 0x08, 0x80, 0x20, 0x12, 0x43, 0x00, 0xFF, 0xFF, 0x00, 0x80,
        0x21, 0x12, 0x42, 0x00, 0xFF, 0xFF, 0x00, 0x80, 0x22, 0x12, 0x3F, 0x00, 0xFF, 0xFF, 0x00, 0x80,
        0x23, 0x12, 0x41, 0x00, 0xFF, 0xFF, 0x00, 0x80, 0x24, 0x12, 0x40, 0x00, 0xFF, 0xFF, 0x00, 0x80,
        0x25, 0x12, 0x44, 0x00, 0xFF, 0xFF, 0x00, 0x80, 0x26, 0x12, 0x36, 0x02, 0xFF, 0xFF, 0x00, 0x80,
        0x27, 0x12, 0xFF, 0xFF, 0x3A, 0x01, 0x00, 0x80, 0x28, 0x12, 0xD3, 0x02, 0xFF, 0xFF, 0x00, 0x00,
        0x29, 0x12, 0xD3, 0x02, 0xFF, 0xFF, 0x00, 0x00, 0x2A, 0x12, 0xD3, 0x02, 0xFF, 0xFF, 0x00, 0x00,
        0x2B, 0x12, 0xD3, 0x02, 0xFF, 0xFF, 0x00, 0x00, 0x2F, 0x12, 0x38, 0x02, 0xFF, 0xFF, 0x00, 0x80,
        0x30, 0x12, 0x39, 0x02, 0xFF, 0xFF, 0x00, 0x80, 0x31, 0x12, 0x3A, 0x02, 0xFF, 0xFF, 0x00, 0x80,
        0x32, 0x12, 0xF2, 0x00, 0xFF, 0xFF, 0x2B, 0x80, 0x33, 0x12, 0xF5, 0x00, 0xFF, 0xFF, 0x09, 0x80,
        0x34, 0x12, 0xF0, 0x00, 0xFF, 0xFF, 0x45, 0x80, 0x35, 0x12, 0xF6, 0x00, 0xFF, 0xFF, 0x13, 0x80,
        0x3B, 0x12, 0xFF, 0xFF, 0x3B, 0x01, 0x00, 0x80, 0x3D, 0x12, 0xD3, 0x02, 0xFF, 0xFF, 0x00, 0x00,
        0x3E, 0x12, 0xD3, 0x02, 0xFF, 0xFF, 0x00, 0x00, 0x3F, 0x12, 0xD3, 0x02, 0xFF, 0xFF, 0x00, 0x00,
        0x42, 0x12, 0xD3, 0x02, 0xFF, 0xFF, 0x00, 0x00, 0x43, 0x12, 0xD3, 0x02, 0xFF, 0xFF, 0x00, 0x00,
        0x44, 0x12, 0xD3, 0x02, 0xFF, 0xFF, 0x00, 0x00, 0x45, 0x12, 0xD3, 0x02, 0xFF, 0xFF, 0x00, 0x00,
        0x49, 0x12, 0xD3, 0x02, 0xFF, 0xFF, 0x00, 0x00, 0x4B, 0x12, 0xD3, 0x02, 0xFF, 0xFF, 0x00, 0x00,
        0x4C, 0x12, 0xD3, 0x02, 0xFF, 0xFF, 0x00, 0x00, 0x4F, 0x12, 0x5B, 0x00, 0xFF, 0xFF, 0x27, 0x81,
        0x50, 0x12, 0x5B, 0x00, 0xFF, 0xFF, 0x28, 0x81, 0x51, 0x12, 0xD7, 0x00, 0xFF, 0xFF, 0x08, 0x80,
        0x52, 0x12, 0xD7, 0x00, 0xFF, 0xFF, 0x09, 0x80, 0x53, 0x12, 0xD7, 0x00, 0xFF, 0xFF, 0x0A, 0x80,
        0x54, 0x12, 0xD7, 0x00, 0xFF, 0xFF, 0x0B, 0x80, 0x55, 0x12, 0xD7, 0x00, 0xFF, 0xFF, 0x0C, 0x80,
        0x56, 0x12, 0xD7, 0x00, 0xFF, 0xFF, 0x0D, 0x80, 0x57, 0x12, 0x3C, 0x02, 0xFF, 0xFF, 0x00, 0x80,
        0x58, 0x12, 0x3C, 0x02, 0xFF, 0xFF, 0x01, 0x80, 0x59, 0x12, 0x3C, 0x02, 0xFF, 0xFF, 0x02, 0x80,
        0x5A, 0x12, 0x3C, 0x02, 0xFF, 0xFF, 0x03, 0x80, 0x5B, 0x12, 0x3C, 0x02, 0xFF, 0xFF, 0x04, 0x80,
        0x5C, 0x12, 0x3C, 0x02, 0xFF, 0xFF, 0x05, 0x80, 0x66, 0x12, 0x3D, 0x02, 0xFF, 0xFF, 0x00, 0x80,
        0x68, 0x12, 0xD3, 0x01, 0xFF, 0xFF, 0x0C, 0x80, 0x69, 0x12, 0xD4, 0x01, 0xFF, 0xFF, 0x0C, 0x80,
        0x6D, 0x12, 0x3E, 0x02, 0xFF, 0xFF, 0x00, 0x80, 0x6E, 0x12, 0x3F, 0x02, 0xFF, 0xFF, 0x00, 0x80,
        0x6F, 0x12, 0x40, 0x02, 0xFF, 0xFF, 0x00, 0x80, 0x70, 0x12, 0x41, 0x02, 0xFF, 0xFF, 0x00, 0x80,
        0x71, 0x12, 0x42, 0x02, 0xFF, 0xFF, 0x00, 0x80, 0x73, 0x12, 0xF0, 0x00, 0xFF, 0xFF, 0x46, 0x80,
        0x74, 0x12, 0xF0, 0x00, 0xFF, 0xFF, 0x47, 0x80, 0x75, 0x12, 0xF2, 0x00, 0xFF, 0xFF, 0x2C, 0x80,
        0x76, 0x12, 0xF5, 0x00, 0xFF, 0xFF, 0x0A, 0x80, 0x77, 0x12, 0xF5, 0x00, 0xFF, 0xFF, 0x0B, 0x80,
        0x78, 0x12, 0xF5, 0x00, 0xFF, 0xFF, 0x0C, 0x80, 0x79, 0x12, 0xF6, 0x00, 0xFF, 0xFF, 0x14, 0x80,
        0x7B, 0x12, 0xF1, 0x01, 0xFF, 0xFF, 0x27, 0x80, 0x99, 0x12, 0x43, 0x02, 0xFF, 0xFF, 0x00, 0x80,
        0xAF, 0x12, 0xF0, 0x00, 0xFF, 0xFF, 0x48, 0x80, 0xDF, 0x12, 0xD4, 0x02, 0xFF, 0xFF, 0x00, 0x80,
        0xE0, 0x12, 0xD4, 0x02, 0xFF, 0xFF, 0x00, 0x80, 0xE1, 0x12, 0xD4, 0x02, 0xFF, 0xFF, 0x00, 0x80,
        0xE2, 0x12, 0xD4, 0x02, 0xFF, 0xFF, 0x00, 0x80, 0xE3, 0x12, 0xD4, 0x02, 0xFF, 0xFF, 0x00, 0x80,
        0xE4, 0x12, 0xD4, 0x02, 0xFF, 0xFF, 0x00, 0x80, 0xE5, 0x12, 0xD4, 0x02, 0xFF, 0xFF, 0x00, 0x80,
        0xE6, 0x12, 0xD4, 0x02, 0xFF, 0xFF, 0x00, 0x80, 0xE7, 0x12, 0xD4, 0x02, 0xFF, 0xFF, 0x00, 0x80,
        0xE8, 0x12, 0xD4, 0x02, 0xFF, 0xFF, 0x00, 0x80, 0xE9, 0x12, 0xD4, 0x02, 0xFF, 0xFF, 0x00, 0x80,
        0xEA, 0x12, 0xD4, 0x02, 0xFF, 0xFF, 0x00, 0x80, 0xEB, 0x12, 0xD4, 0x02, 0xFF, 0xFF, 0x00, 0x80,
        0xEC, 0x12, 0xD4, 0x02, 0xFF, 0xFF, 0x00, 0x80, 0xED, 0x12, 0xD4, 0x02, 0xFF, 0xFF, 0x00, 0x80,
        0xEE, 0x12, 0x44, 0x02, 0xFF, 0xFF, 0x00, 0x80, 0xEF, 0x12, 0xD4, 0x02, 0xFF, 0xFF, 0x00, 0x80,
        0xF0, 0x12, 0x45, 0x02, 0xFF, 0xFF, 0x00, 0x80, 0xF1, 0x12, 0xD4, 0x02, 0xFF, 0xFF, 0x00, 0x80,
        0xF2, 0x12, 0x46, 0x02, 0xFF, 0xFF, 0x00, 0x80, 0xF3, 0x12, 0x4E, 0x02, 0xFF, 0xFF, 0x00, 0x80,
        0xF4, 0x12, 0x4E, 0x02, 0xFF, 0xFF, 0x01, 0x80, 0xF5, 0x12, 0x4E, 0x02, 0xFF, 0xFF, 0x02, 0x80,
        0xF6, 0x12, 0x4E, 0x02, 0xFF, 0xFF, 0x03, 0x80, 0xF7, 0x12, 0x4E, 0x02, 0xFF, 0xFF, 0x04, 0x80,
        0xF8, 0x12, 0x4E, 0x02, 0xFF, 0xFF, 0x05, 0x80, 0xF9, 0x12, 0x4E, 0x02, 0xFF, 0xFF, 0x06, 0x80,
        0xFA, 0x12, 0x4F, 0x02, 0xFF, 0xFF, 0x00, 0x80, 0xFB, 0x12, 0x4F, 0x02, 0xFF, 0xFF, 0x01, 0x80,
        0xFC, 0x12, 0x4F, 0x02, 0xFF, 0xFF, 0x02, 0x80, 0xFD, 0x12, 0x4F, 0x02, 0xFF, 0xFF, 0x03, 0x80,
        0xFE, 0x12, 0x4F, 0x02, 0xFF, 0xFF, 0x04, 0x80, 0xFF, 0x12, 0x4F, 0x02, 0xFF, 0xFF, 0x05, 0x80,
        0x00, 0x13, 0x4F, 0x02, 0xFF, 0xFF, 0x06, 0x80, 0x01, 0x13, 0x4F, 0x02, 0xFF, 0xFF, 0x07, 0x80,
        0x02, 0x13, 0x4F, 0x02, 0xFF, 0xFF, 0x08, 0x80, 0x03, 0x13, 0x50, 0x02, 0xFF, 0xFF, 0x00, 0x80,
        0x04, 0x13, 0x51, 0x02, 0xFF, 0xFF, 0x00, 0x80, 0x05, 0x13, 0x52, 0x02, 0xFF, 0xFF, 0x00, 0x80,
        0x07, 0x13, 0x53, 0x02, 0xFF, 0xFF, 0x00, 0x80, 0x0B, 0x13, 0x55, 0x02, 0xFF, 0xFF, 0x01, 0x80,
        0x0C, 0x13, 0x55, 0x02, 0xFF, 0xFF, 0x00, 0x80, 0x0D, 0x13, 0x78, 0x01, 0xFF, 0xFF, 0x16, 0x80,
        0x0E, 0x13, 0x78, 0x01, 0xFF, 0xFF, 0x17, 0x80, 0x10, 0x13, 0x56, 0x02, 0xFF, 0xFF, 0x00, 0x80,
        0x12, 0x13, 0x57, 0x02, 0xFF, 0xFF, 0x00, 0x80, 0x13, 0x13, 0x58, 0x02, 0xFF, 0xFF, 0x00, 0x80,
        0x14, 0x13, 0x59, 0x02, 0xFF, 0xFF, 0x00, 0x80, 0x15, 0x13, 0x5A, 0x02, 0xFF, 0xFF, 0x00, 0x80,
        0x16, 0x13, 0x5B, 0x02, 0xFF, 0xFF, 0x00, 0x80, 0x17, 0x13, 0x5C, 0x02, 0xFF, 0xFF, 0x00, 0x80,
        0x18, 0x13, 0x5D, 0x02, 0xFF, 0xFF, 0x00, 0x80, 0x19, 0x13, 0x5E, 0x02, 0xFF, 0xFF, 0x00, 0x80,
        0x1A, 0x13, 0x5F, 0x02, 0xFF, 0xFF, 0x00, 0x80, 0x1B, 0x13, 0x60, 0x02, 0xFF, 0xFF, 0x00, 0x80,
        0x1C, 0x13, 0x61, 0x02, 0xFF, 0xFF, 0x00, 0x80, 0x1D, 0x13, 0x62, 0x02, 0xFF, 0xFF, 0x00, 0x80,
        0x1E, 0x13, 0x63, 0x02, 0xFF, 0xFF, 0x00, 0x80, 0x1F, 0x13, 0x64, 0x02, 0xFF, 0xFF, 0x00, 0x80,
        0x26, 0x13, 0x24, 0x02, 0xFF, 0xFF, 0x07, 0x80, 0x27, 0x13, 0x24, 0x02, 0xFF, 0xFF, 0x08, 0x80,
        0x28, 0x13, 0x65, 0x02, 0xFF, 0xFF, 0x00, 0x80, 0x29, 0x13, 0x65, 0x02, 0xFF, 0xFF, 0x01, 0x80,
        0x2A, 0x13, 0x66, 0x02, 0xFF, 0xFF, 0x00, 0x80, 0x2B, 0x13, 0x67, 0x02, 0xFF, 0xFF, 0x00, 0x80,
        0x34, 0x13, 0x55, 0x02, 0xFF, 0xFF, 0x02, 0x80, 0x35, 0x13, 0x55, 0x02, 0xFF, 0xFF, 0x03, 0x80,
        0x36, 0x13, 0x55, 0x02, 0xFF, 0xFF, 0x04, 0x80, 0x37, 0x13, 0x55, 0x02, 0xFF, 0xFF, 0x05, 0x80,
        0x38, 0x13, 0x55, 0x02, 0xFF, 0xFF, 0x06, 0x80, 0x39, 0x13, 0x55, 0x02, 0xFF, 0xFF, 0x07, 0x80,
        0x3A, 0x13, 0xCF, 0x00, 0xFF, 0xFF, 0x08, 0x80, 0x3C, 0x13, 0x69, 0x02, 0xFF, 0xFF, 0x00, 0x80,
        0x3D, 0x13, 0x69, 0x02, 0xFF, 0xFF, 0x01, 0x80, 0x3E, 0x13, 0x69, 0x02, 0xFF, 0xFF, 0x02, 0x80,
        0x3F, 0x13, 0x69, 0x02, 0xFF, 0xFF, 0x03, 0x80, 0x40, 0x13, 0x69, 0x02, 0xFF, 0xFF, 0x04, 0x80,
        0x41, 0x13, 0x69, 0x02, 0xFF, 0xFF, 0x05, 0x80, 0x42, 0x13, 0x69, 0x02, 0xFF, 0xFF, 0x06, 0x80,
        0x43, 0x13, 0x69, 0x02, 0xFF, 0xFF, 0x07, 0x80, 0x44, 0x13, 0x69, 0x02, 0xFF, 0xFF, 0x08, 0x80,
        0x45, 0x13, 0x69, 0x02, 0xFF, 0xFF, 0x09, 0x80, 0x46, 0x13, 0x69, 0x02, 0xFF, 0xFF, 0x0A, 0x80,
        0x47, 0x13, 0x69, 0x02, 0xFF, 0xFF, 0x0B, 0x80, 0x48, 0x13, 0x69, 0x02, 0xFF, 0xFF, 0x0C, 0x80,
        0x49, 0x13, 0x69, 0x02, 0xFF, 0xFF, 0x0D, 0x80, 0x4A, 0x13, 0x69, 0x02, 0xFF, 0xFF, 0x0E, 0x80,
        0x4B, 0x13, 0x69, 0x02, 0xFF, 0xFF, 0x0F, 0x80, 0x4C, 0x13, 0x69, 0x02, 0xFF, 0xFF, 0x10, 0x80,
        0x4D, 0x13, 0x69, 0x02, 0xFF, 0xFF, 0x11, 0x80, 0x4E, 0x13, 0x69, 0x02, 0xFF, 0xFF, 0x12, 0x80,
        0x4F, 0x13, 0x69, 0x02, 0xFF, 0xFF, 0x13, 0x80, 0x50, 0x13, 0x69, 0x02, 0xFF, 0xFF, 0x14, 0x80,
        0x51, 0x13, 0x69, 0x02, 0xFF, 0xFF, 0x15, 0x80, 0x52, 0x13, 0x69, 0x02, 0xFF, 0xFF, 0x16, 0x80,
        0x53, 0x13, 0x69, 0x02, 0xFF, 0xFF, 0x17, 0x80, 0x54, 0x13, 0x69, 0x02, 0xFF, 0xFF, 0x18, 0x80,
        0x55, 0x13, 0x69, 0x02, 0xFF, 0xFF, 0x19, 0x80, 0x56, 0x13, 0x69, 0x02, 0xFF, 0xFF, 0x1A, 0x80,
        0x57, 0x13, 0x55, 0x02, 0xFF, 0xFF, 0x08, 0x80, 0x5E, 0x13, 0xF0, 0x00, 0xFF, 0xFF, 0x49, 0x80,
        0x61, 0x13, 0xD4, 0x02, 0xFF, 0xFF, 0x00, 0x80, 0x62, 0x13, 0x6A, 0x02, 0xFF, 0xFF, 0x00, 0x80,
        0x63, 0x13, 0x6B, 0x02, 0xFF, 0xFF, 0x00, 0x80, 0x64, 0x13, 0x6C, 0x02, 0xFF, 0xFF, 0x00, 0x80,
        0x65, 0x13, 0x5B, 0x00, 0xFF, 0xFF, 0x29, 0x81, 0x66, 0x13, 0x5B, 0x00, 0xFF, 0xFF, 0x2A, 0x81,
        0x67, 0x13, 0x5B, 0x00, 0xFF, 0xFF, 0x2B, 0x81, 0x68, 0x13, 0x5B, 0x00, 0xFF, 0xFF, 0x2C, 0x81,
        0x69, 0x13, 0x5B, 0x00, 0xFF, 0xFF, 0x2D, 0x81, 0x6A, 0x13, 0x5B, 0x00, 0xFF, 0xFF, 0x2E, 0x81,
        0x6B, 0x13, 0x5B, 0x00, 0xFF, 0xFF, 0x2F, 0x81, 0x6C, 0x13, 0x5B, 0x00, 0xFF, 0xFF, 0x30, 0x81,
        0x6D, 0x13, 0x5B, 0x00, 0xFF, 0xFF, 0x31, 0x81, 0x6E, 0x13, 0x5B, 0x00, 0xFF, 0xFF, 0x32, 0x81,
        0x6F, 0x13, 0x5B, 0x00, 0xFF, 0xFF, 0x33, 0x81, 0x70, 0x13, 0x5B, 0x00, 0xFF, 0xFF, 0x34, 0x81,
        0x71, 0x13, 0x5B, 0x00, 0xFF, 0xFF, 0x35, 0x81, 0x73, 0x13, 0x8B, 0x00, 0xFF, 0xFF, 0x34, 0x80,
        0x79, 0x13, 0x8B, 0x00, 0xFF, 0xFF, 0x35, 0x80, 0x7E, 0x13, 0x8B, 0x00, 0xFF, 0xFF, 0x36, 0x80,
        0x7F, 0x13, 0x8B, 0x00, 0xFF, 0xFF, 0x37, 0x80, 0x80, 0x13, 0x8B, 0x00, 0xFF, 0xFF, 0x38, 0x80,
        0x81, 0x13, 0x59, 0x00, 0xFF, 0xFF, 0x2B, 0x80, 0x8A, 0x13, 0x78, 0x01, 0xFF, 0xFF, 0x18, 0x80,
        0x8B, 0x13, 0x78, 0x01, 0xFF, 0xFF, 0x19, 0x80, 0x8E, 0x13, 0x8B, 0x00, 0xFF, 0xFF, 0x39, 0x80,
        0x90, 0x13, 0x6E, 0x02, 0xFF, 0xFF, 0x00, 0x80, 0x96, 0x13, 0x8B, 0x00, 0xFF, 0xFF, 0x3A, 0x80,
        0x97, 0x13, 0x8B, 0x00, 0xFF, 0xFF, 0x3B, 0x80, 0x98, 0x13, 0x8B, 0x00, 0xFF, 0xFF, 0x3C, 0x80,
        0x99, 0x13, 0x8B, 0x00, 0xFF, 0xFF, 0x3D, 0x80, 0x9A, 0x13, 0x8B, 0x00, 0xFF, 0xFF, 0x3E, 0x80,
        0x9B, 0x13, 0x8B, 0x00, 0xFF, 0xFF, 0x3F, 0x80, 0x9C, 0x13, 0x8B, 0x00, 0xFF, 0xFF, 0x40, 0x80,
        0x9D, 0x13, 0x8B, 0x00, 0xFF, 0xFF, 0x41, 0x80, 0x9E, 0x13, 0x8B, 0x00, 0xFF, 0xFF, 0x42, 0x80,
        0x9F, 0x13, 0x8B, 0x00, 0xFF, 0xFF, 0x43, 0x80, 0xA0, 0x13, 0x8B, 0x00, 0xFF, 0xFF, 0x44, 0x80,
        0xA1, 0x13, 0x8B, 0x00, 0xFF, 0xFF, 0x45, 0x80, 0xA2, 0x13, 0x8B, 0x00, 0xFF, 0xFF, 0x46, 0x80,
        0xA3, 0x13, 0x8B, 0x00, 0xFF, 0xFF, 0x47, 0x80, 0xA4, 0x13, 0x8B, 0x00, 0xFF, 0xFF, 0x48, 0x80,
        0xA5, 0x13, 0x8B, 0x00, 0xFF, 0xFF, 0x49, 0x80, 0xA6, 0x13, 0x8B, 0x00, 0xFF, 0xFF, 0x4A, 0x80,
        0xA7, 0x13, 0x8B, 0x00, 0xFF, 0xFF, 0x4B, 0x80, 0xA8, 0x13, 0x8B, 0x00, 0xFF, 0xFF, 0x4C, 0x80,
        0xA9, 0x13, 0x8B, 0x00, 0xFF, 0xFF, 0x4D, 0x80, 0xAA, 0x13, 0x8B, 0x00, 0xFF, 0xFF, 0x4E, 0x80,
        0xAB, 0x13, 0x8B, 0x00, 0xFF, 0xFF, 0x4F, 0x80, 0xAC, 0x13, 0x8B, 0x00, 0xFF, 0xFF, 0x50, 0x80,
        0xAD, 0x13, 0x8B, 0x00, 0xFF, 0xFF, 0x51, 0x80, 0xAE, 0x13, 0x8B, 0x00, 0xFF, 0xFF, 0x52, 0x80,
        0xAF, 0x13, 0x8B, 0x00, 0xFF, 0xFF, 0x53, 0x80, 0xB0, 0x13, 0x8B, 0x00, 0xFF, 0xFF, 0x54, 0x80,
        0xB4, 0x13, 0x8B, 0x00, 0xFF, 0xFF, 0x55, 0x80, 0xCA, 0x13, 0xBC, 0x01, 0xFF, 0xFF, 0x00, 0x80,
        0xCB, 0x13, 0xE5, 0x01, 0xFF, 0xFF, 0x00, 0x80, 0xD9, 0x13, 0x6F, 0x02, 0xFF, 0xFF, 0x00, 0x80,
        0xDA, 0x13, 0x6F, 0x02, 0xFF, 0xFF, 0x01, 0x80, 0xDB, 0x13, 0x6F, 0x02, 0xFF, 0xFF, 0x02, 0x80,
        0xDC, 0x13, 0x6F, 0x02, 0xFF, 0xFF, 0x03, 0x80, 0xDD, 0x13, 0xF2, 0x00, 0xFF, 0xFF, 0x2D, 0x80,
        0xDE, 0x13, 0xF5, 0x00, 0xFF, 0xFF, 0x0D, 0x80, 0xDF, 0x13, 0xF0, 0x00, 0xFF, 0xFF, 0x4A, 0x80,
        0xF4, 0x13, 0xF0, 0x00, 0xFF, 0xFF, 0x4B, 0x80, 0xF6, 0x13, 0x69, 0x02, 0xFF, 0xFF, 0x1B, 0x80,
        0xF8, 0x13, 0x8B, 0x00, 0xFF, 0xFF, 0x56, 0x80, 0xF9, 0x13, 0xDD, 0x02, 0xFF, 0xFF, 0x00, 0x80,
        0x01, 0x14, 0xF2, 0x00, 0xFF, 0xFF, 0x2E, 0x80, 0x02, 0x14, 0xF2, 0x00, 0xFF, 0xFF, 0x2F, 0x80,
        0x03, 0x14, 0xF2, 0x00, 0xFF, 0xFF, 0x30, 0x80, 0x04, 0x14, 0xF2, 0x00, 0xFF, 0xFF, 0x31, 0x80,
        0x07, 0x14, 0x71, 0x02, 0xFF, 0xFF, 0x00, 0x80, 0x08, 0x14, 0x73, 0x02, 0xFF, 0xFF, 0x00, 0x80,
        0x0C, 0x14, 0xD4, 0x02, 0xFF, 0xFF, 0x00, 0x80, 0x0D, 0x14, 0x75, 0x02, 0xFF, 0xFF, 0x00, 0x80,
        0x0F, 0x14, 0x89, 0x00, 0xFF, 0xFF, 0x05, 0x80, 0x11, 0x14, 0x76, 0x02, 0xFF, 0xFF, 0x00, 0x80,
        0x12, 0x14, 0x77, 0x02, 0xFF, 0xFF, 0x00, 0x80, 0x1C, 0x14, 0x5A, 0x00, 0xFF, 0xFF, 0x28, 0x80,
        0x1D, 0x14, 0x4F, 0x00, 0xFF, 0xFF, 0x28, 0x80, 0x1E, 0x14, 0x65, 0x00, 0xFF, 0xFF, 0x29, 0x80,
        0x1F, 0x14, 0x58, 0x00, 0xFF, 0xFF, 0x28, 0x80, 0x20, 0x14, 0x64, 0x00, 0xFF, 0xFF, 0x28, 0x80,
        0x21, 0x14, 0x21, 0x00, 0xFF, 0xFF, 0x27, 0x80, 0x22, 0x14, 0x0F, 0x00, 0xFF, 0xFF, 0x2D, 0x80,
        0x23, 0x14, 0x22, 0x00, 0xFF, 0xFF, 0x2E, 0x80, 0x24, 0x14, 0xD3, 0x01, 0xFF, 0xFF, 0x0E, 0x80,
        0x25, 0x14, 0x68, 0x00, 0xFF, 0xFF, 0x29, 0x80, 0x26, 0x14, 0x0A, 0x00, 0xFF, 0xFF, 0x2E, 0x80,
        0x27, 0x14, 0x5D, 0x00, 0xFF, 0xFF, 0x28, 0x80, 0x28, 0x14, 0x2A, 0x00, 0xFF, 0xFF, 0x2E, 0x80,
        0x29, 0x14, 0x57, 0x00, 0xFF, 0xFF, 0x28, 0x80, 0x2A, 0x14, 0x13, 0x00, 0xFF, 0xFF, 0x2D, 0x80,
        0x2B, 0x14, 0xAC, 0x00, 0xFF, 0xFF, 0x29, 0x80, 0x2C, 0x14, 0x59, 0x00, 0xFF, 0xFF, 0x2C, 0x80,
        0x2D, 0x14, 0xD5, 0x01, 0xFF, 0xFF, 0x09, 0x80, 0x2E, 0x14, 0x12, 0x00, 0xFF, 0xFF, 0x29, 0x80,
        0x2F, 0x14, 0xD4, 0x01, 0xFF, 0xFF, 0x0E, 0x80, 0x30, 0x14, 0xF1, 0x01, 0xFF, 0xFF, 0x28, 0x80,
        0x31, 0x14, 0x5A, 0x00, 0xFF, 0xFF, 0x29, 0x80, 0x32, 0x14, 0x4F, 0x00, 0xFF, 0xFF, 0x29, 0x80,
        0x33, 0x14, 0x65, 0x00, 0xFF, 0xFF, 0x2A, 0x80, 0x34, 0x14, 0x58, 0x00, 0xFF, 0xFF, 0x29, 0x80,
        0x35, 0x14, 0x64, 0x00, 0xFF, 0xFF, 0x29, 0x80, 0x36, 0x14, 0x21, 0x00, 0xFF, 0xFF, 0x28, 0x80,
        0x37, 0x14, 0x0F, 0x00, 0xFF, 0xFF, 0x2E, 0x80, 0x38, 0x14, 0x22, 0x00, 0xFF, 0xFF, 0x2F, 0x80,
        0x39, 0x14, 0xD3, 0x01, 0xFF, 0xFF, 0x0F, 0x80, 0x3A, 0x14, 0x68, 0x00, 0xFF, 0xFF, 0x2A, 0x80,
        0x3B, 0x14, 0x0A, 0x00, 0xFF, 0xFF, 0x2F, 0x80, 0x3C, 0x14, 0x5D, 0x00, 0xFF, 0xFF, 0x29, 0x80,
        0x3D, 0x14, 0x2A, 0x00, 0xFF, 0xFF, 0x2F, 0x80, 0x3E, 0x14, 0x57, 0x00, 0xFF, 0xFF, 0x29, 0x80,
        0x3F, 0x14, 0x13, 0x00, 0xFF, 0xFF, 0x2E, 0x80, 0x40, 0x14, 0xAC, 0x00, 0xFF, 0xFF, 0x2A, 0x80,
        0x41, 0x14, 0x59, 0x00, 0xFF, 0xFF, 0x2D, 0x80, 0x42, 0x14, 0xD5, 0x01, 0xFF, 0xFF, 0x0A, 0x80,
        0x43, 0x14, 0x12, 0x00, 0xFF, 0xFF, 0x2A, 0x80, 0x44, 0x14, 0xD4, 0x01, 0xFF, 0xFF, 0x0F, 0x80,
        0x45, 0x14, 0xF1, 0x01, 0xFF, 0xFF, 0x29, 0x80, 0x46, 0x14, 0x5A, 0x00, 0xFF, 0xFF, 0x2A, 0x80,
        0x47, 0x14, 0x4F, 0x00, 0xFF, 0xFF, 0x2A, 0x80, 0x48, 0x14, 0x65, 0x00, 0xFF, 0xFF, 0x2B, 0x80,
        0x49, 0x14, 0x58, 0x00, 0xFF, 0xFF, 0x2A, 0x80, 0x4A, 0x14, 0x64, 0x00, 0xFF, 0xFF, 0x2A, 0x80,
        0x4B, 0x14, 0x21, 0x00, 0xFF, 0xFF, 0x29, 0x80, 0x4C, 0x14, 0x0F, 0x00, 0xFF, 0xFF, 0x2F, 0x80,
        0x4D, 0x14, 0x22, 0x00, 0xFF, 0xFF, 0x30, 0x80, 0x4E, 0x14, 0xD3, 0x01, 0xFF, 0xFF, 0x10, 0x80,
        0x4F, 0x14, 0x68, 0x00, 0xFF, 0xFF, 0x2B, 0x80, 0x50, 0x14, 0x0A, 0x00, 0xFF, 0xFF, 0x30, 0x80,
        0x51, 0x14, 0x5D, 0x00, 0xFF, 0xFF, 0x2A, 0x80, 0x52, 0x14, 0x2A, 0x00, 0xFF, 0xFF, 0x30, 0x80,
        0x53, 0x14, 0x57, 0x00, 0xFF, 0xFF, 0x2A, 0x80, 0x54, 0x14, 0x13, 0x00, 0xFF, 0xFF, 0x2F, 0x80,
        0x55, 0x14, 0xAC, 0x00, 0xFF, 0xFF, 0x2B, 0x80, 0x56, 0x14, 0x59, 0x00, 0xFF, 0xFF, 0x2E, 0x80,
        0x57, 0x14, 0xD5, 0x01, 0xFF, 0xFF, 0x0B, 0x80, 0x58, 0x14, 0x12, 0x00, 0xFF, 0xFF, 0x2B, 0x80,
        0x59, 0x14, 0xD4, 0x01, 0xFF, 0xFF, 0x10, 0x80, 0x5A, 0x14, 0xF1, 0x01, 0xFF, 0xFF, 0x2A, 0x80,
        0x5C, 0x14, 0xD4, 0x02, 0xFF, 0xFF, 0x00, 0x80, 0x5D, 0x14, 0x78, 0x02, 0xFF, 0xFF, 0x00, 0x80,
        0x5E, 0x14, 0x79, 0x02, 0xFF, 0xFF, 0x00, 0x80, 0x5F, 0x14, 0x7B, 0x02, 0xFF, 0xFF, 0x00, 0x80,
        0x60, 0x14, 0xFF, 0xFF, 0x3C, 0x01, 0x00, 0x80, 0x61, 0x14, 0xFF, 0xFF, 0x3D, 0x01, 0x00, 0x80,
        0x62, 0x14, 0xF0, 0x00, 0xFF, 0xFF, 0x4C, 0x80, 0x63, 0x14, 0xF0, 0x00, 0xFF, 0xFF, 0x4D, 0x80,
        0x64, 0x14, 0xF0, 0x00, 0xFF, 0xFF, 0x4E, 0x80, 0x65, 0x14, 0xF0, 0x00, 0xFF, 0xFF, 0x4F, 0x80,
        0x66, 0x14, 0xF0, 0x00, 0xFF, 0xFF, 0x50, 0x80, 0x67, 0x14, 0xF0, 0x00, 0xFF, 0xFF, 0x51, 0x80,
        0x68, 0x14, 0xF0, 0x00, 0xFF, 0xFF, 0x52, 0x80, 0x69, 0x14, 0xF0, 0x00, 0xFF, 0xFF, 0x53, 0x80,
        0x6A, 0x14, 0xF0, 0x00, 0xFF, 0xFF, 0x54, 0x80, 0x6B, 0x14, 0xF0, 0x00, 0xFF, 0xFF, 0x55, 0x80,
        0x6C, 0x14, 0xF0, 0x00, 0xFF, 0xFF, 0x56, 0x80, 0x6D, 0x14, 0xF0, 0x00, 0xFF, 0xFF, 0x57, 0x80,
        0x6E, 0x14, 0xF0, 0x00, 0xFF, 0xFF, 0x58, 0x80, 0x6F, 0x14, 0xF0, 0x00, 0xFF, 0xFF, 0x59, 0x80,
        0x70, 0x14, 0xF0, 0x00, 0xFF, 0xFF, 0x5A, 0x80, 0x71, 0x14, 0xF0, 0x00, 0xFF, 0xFF, 0x5B, 0x80,
        0x72, 0x14, 0xF2, 0x00, 0xFF, 0xFF, 0x32, 0x80, 0x73, 0x14, 0xF2, 0x00, 0xFF, 0xFF, 0x33, 0x80,
        0x74, 0x14, 0xF2, 0x00, 0xFF, 0xFF, 0x34, 0x80, 0x75, 0x14, 0xF2, 0x00, 0xFF, 0xFF, 0x35, 0x80,
        0x76, 0x14, 0xF2, 0x00, 0xFF, 0xFF, 0x36, 0x80, 0x77, 0x14, 0xF2, 0x00, 0xFF, 0xFF, 0x37, 0x80,
        0x78, 0x14, 0xF2, 0x00, 0xFF, 0xFF, 0x38, 0x80, 0x79, 0x14, 0xF2, 0x00, 0xFF, 0xFF, 0x39, 0x80,
        0x7A, 0x14, 0xF2, 0x00, 0xFF, 0xFF, 0x3A, 0x80, 0x7B, 0x14, 0xF2, 0x00, 0xFF, 0xFF, 0x3B, 0x80,
        0x7C, 0x14, 0xF2, 0x00, 0xFF, 0xFF, 0x3C, 0x80, 0x7D, 0x14, 0xF2, 0x00, 0xFF, 0xFF, 0x3D, 0x80,
        0x7E, 0x14, 0xF5, 0x00, 0xFF, 0xFF, 0x0E, 0x80, 0x7F, 0x14, 0xF5, 0x00, 0xFF, 0xFF, 0x0F, 0x80,
        0x80, 0x14, 0xF5, 0x00, 0xFF, 0xFF, 0x13, 0x80, 0x81, 0x14, 0xF5, 0x00, 0xFF, 0xFF, 0x14, 0x80,
        0x82, 0x14, 0xF5, 0x00, 0xFF, 0xFF, 0x15, 0x80, 0x83, 0x14, 0xF5, 0x00, 0xFF, 0xFF, 0x16, 0x80,
        0x84, 0x14, 0xF5, 0x00, 0xFF, 0xFF, 0x17, 0x80, 0x85, 0x14, 0xF5, 0x00, 0xFF, 0xFF, 0x18, 0x80,
        0x86, 0x14, 0xF5, 0x00, 0xFF, 0xFF, 0x19, 0x80, 0x87, 0x14, 0xF5, 0x00, 0xFF, 0xFF, 0x1A, 0x80,
        0x88, 0x14, 0xF5, 0x00, 0xFF, 0xFF, 0x1B, 0x80, 0x89, 0x14, 0xF5, 0x00, 0xFF, 0xFF, 0x1C, 0x80,
        0x8A, 0x14, 0xF6, 0x00, 0xFF, 0xFF, 0x15, 0x80, 0x8B, 0x14, 0xF6, 0x00, 0xFF, 0xFF, 0x16, 0x80,
        0x8C, 0x14, 0xF6, 0x00, 0xFF, 0xFF, 0x17, 0x80, 0x8D, 0x14, 0xF6, 0x00, 0xFF, 0xFF, 0x18, 0x80,
        0x8E, 0x14, 0xF6, 0x00, 0xFF, 0xFF, 0x19, 0x80, 0x8F, 0x14, 0xF6, 0x00, 0xFF, 0xFF, 0x1A, 0x80,
        0x90, 0x14, 0xF6, 0x00, 0xFF, 0xFF, 0x1B, 0x80, 0x91, 0x14, 0xF6, 0x00, 0xFF, 0xFF, 0x1C, 0x80,
        0x92, 0x14, 0xF6, 0x00, 0xFF, 0xFF, 0x1D, 0x80, 0x93, 0x14, 0xF6, 0x00, 0xFF, 0xFF, 0x1E, 0x80,
        0x94, 0x14, 0xF6, 0x00, 0xFF, 0xFF, 0x1F, 0x80, 0x95, 0x14, 0xF6, 0x00, 0xFF, 0xFF, 0x20, 0x80,
        0x96, 0x14, 0xF6, 0x00, 0xFF, 0xFF, 0x21, 0x80, 0x97, 0x14, 0xF6, 0x00, 0xFF, 0xFF, 0x22, 0x80,
        0x98, 0x14, 0xF6, 0x00, 0xFF, 0xFF, 0x23, 0x80, 0x99, 0x14, 0xF6, 0x00, 0xFF, 0xFF, 0x24, 0x80,
        0x9A, 0x14, 0xF2, 0x00, 0xFF, 0xFF, 0x3E, 0x80, 0xA6, 0x14, 0x0C, 0x00, 0xFF, 0xFF, 0x00, 0x80,
        0xA7, 0x14, 0x7F, 0x02, 0xFF, 0xFF, 0x00, 0x80, 0xAB, 0x14, 0xFF, 0xFF, 0x3E, 0x01, 0x00, 0x80,
        0xAC, 0x14, 0x13, 0x00, 0xFF, 0xFF, 0x30, 0x80, 0xAD, 0x14, 0x04, 0x00, 0xFF, 0xFF, 0x16, 0x80,
        0xAF, 0x14, 0x02, 0x00, 0xFF, 0xFF, 0x00, 0x00, 0xB0, 0x14, 0x82, 0x02, 0xFF, 0xFF, 0x00, 0x80,
        0xB3, 0x14, 0xD7, 0x00, 0xFF, 0xFF, 0x0E, 0x80, 0xB4, 0x14, 0xD4, 0x02, 0xFF, 0xFF, 0x00, 0x80,
        0xB5, 0x14, 0x80, 0x02, 0xFF, 0xFF, 0x00, 0x80, 0xBA, 0x14, 0x81, 0x02, 0xFF, 0xFF, 0x00, 0x80,
        0xBB, 0x14, 0xFF, 0xFF, 0x3F, 0x01, 0x00, 0x80, 0xBC, 0x14, 0xF2, 0x00, 0xFF, 0xFF, 0x3F, 0x80,
        0xBE, 0x14, 0xF2, 0x00, 0xFF, 0xFF, 0x40, 0x80, 0xBF, 0x14, 0xD4, 0x02, 0xFF, 0xFF, 0x00, 0x80,
        0xC0, 0x14, 0xD4, 0x02, 0xFF, 0xFF, 0x00, 0x80, 0xC1, 0x14, 0xD4, 0x02, 0xFF, 0xFF, 0x00, 0x80,
        0xC2, 0x14, 0x83, 0x02, 0xFF, 0xFF, 0x00, 0x80, 0xC3, 0x14, 0x84, 0x02, 0xFF, 0xFF, 0x00, 0x80,
        0xC4, 0x14, 0x85, 0x02, 0xFF, 0xFF, 0x00, 0x80, 0xC5, 0x14, 0x69, 0x00, 0xFF, 0xFF, 0x50, 0x80,
        0xC6, 0x14, 0x69, 0x00, 0xFF, 0xFF, 0x51, 0x80, 0xC7, 0x14, 0x69, 0x00, 0xFF, 0xFF, 0x52, 0x80,
        0xC8, 0x14, 0x0D, 0x00, 0xFF, 0xFF, 0x01, 0x80, 0xC9, 0x14, 0x0D, 0x00, 0xFF, 0xFF, 0x02, 0x80,
        0xCA, 0x14, 0x86, 0x02, 0xFF, 0xFF, 0x00, 0x80, 0xCC, 0x14, 0x87, 0x02, 0xFF, 0xFF, 0x00, 0x00,
        0xCF, 0x14, 0x8E, 0x02, 0xFF, 0xFF, 0x00, 0x80, 0xD1, 0x14, 0x87, 0x02, 0xFF, 0xFF, 0x00, 0x00,
        0xD2, 0x14, 0x87, 0x02, 0xFF, 0xFF, 0x00, 0x00, 0xE1, 0x14, 0x91, 0x02, 0xFF, 0xFF, 0x00, 0x80,
        0xE3, 0x14, 0x92, 0x02, 0xFF, 0xFF, 0x00, 0x80, 0xE5, 0x14, 0x93, 0x02, 0xFF, 0xFF, 0x00, 0x80,
        0xE6, 0x14, 0xD4, 0x02, 0xFF, 0xFF, 0x00, 0x80, 0xE7, 0x14, 0x94, 0x02, 0xFF, 0xFF, 0x00, 0x80,
        0xE8, 0x14, 0x5B, 0x00, 0xFF, 0xFF, 0x36, 0x81, 0xE9, 0x14, 0x04, 0x00, 0xFF, 0xFF, 0x17, 0x80,
        0xED, 0x14, 0xD7, 0x00, 0xFF, 0xFF, 0x0F, 0x80, 0xF2, 0x14, 0x8B, 0x00, 0xFF, 0xFF, 0x57, 0x80,
        0xF3, 0x14, 0xFF, 0xFF, 0x3E, 0x00, 0x00, 0x80, 0xF5, 0x14, 0xFF, 0xFF, 0x07, 0x00, 0x00, 0x80,
        0xF6, 0x14, 0xFF, 0xFF, 0x5E, 0x00, 0x00, 0x80, 0xF7, 0x14, 0xFF, 0xFF, 0x5F, 0x00, 0x00, 0x80,
        0xF8, 0x14, 0xFF, 0xFF, 0x09, 0x00, 0x00, 0x80, 0xF9, 0x14, 0xFF, 0xFF, 0x60, 0x00, 0x00, 0x80,
        0xFA, 0x14, 0xFF, 0xFF, 0x61, 0x00, 0x00, 0x80, 0xFB, 0x14, 0xFF, 0xFF, 0x08, 0x00, 0x00, 0x80,
        0xFC, 0x14, 0xFF, 0xFF, 0x62, 0x00, 0x00, 0x80, 0xFD, 0x14, 0xFF, 0xFF, 0x63, 0x00, 0x00, 0x80,
        0xFE, 0x14, 0xFF, 0xFF, 0xBB, 0x00, 0x00, 0x80, 0xFF, 0x14, 0xFF, 0xFF, 0xD8, 0x00, 0x00, 0x80,
        0x00, 0x15, 0xFF, 0xFF, 0x57, 0x00, 0x00, 0x80, 0x05, 0x15, 0x97, 0x02, 0xFF, 0xFF, 0x00, 0x80,
        0x07, 0x15, 0x98, 0x02, 0xFF, 0xFF, 0x00, 0x80, 0x08, 0x15, 0x99, 0x02, 0xFF, 0xFF, 0x00, 0x80,
        0x0C, 0x15, 0xF0, 0x00, 0xFF, 0xFF, 0x5C, 0x80, 0x0D, 0x15, 0xF2, 0x00, 0xFF, 0xFF, 0x41, 0x80,
        0x13, 0x15, 0x9A, 0x02, 0xFF, 0xFF, 0x00, 0x80, 0x14, 0x15, 0xFF, 0xFF, 0x40, 0x01, 0x00, 0x80,
        0x15, 0x15, 0xFF, 0xFF, 0x41, 0x01, 0x00, 0x80, 0x16, 0x15, 0x9B, 0x02, 0xFF, 0xFF, 0x00, 0x80,
        0x17, 0x15, 0xFF, 0xFF, 0x42, 0x01, 0x00, 0x80, 0x19, 0x15, 0x9D, 0x02, 0xFF, 0xFF, 0x00, 0x80,
        0x1A, 0x15, 0x9E, 0x02, 0xFF, 0xFF, 0x00, 0x80, 0x1B, 0x15, 0x9F, 0x02, 0xFF, 0xFF, 0x00, 0x80,
        0x1C, 0x15, 0xA0, 0x02, 0xFF, 0xFF, 0x00, 0x80, 0x1D, 0x15, 0xA1, 0x02, 0xFF, 0xFF, 0x00, 0x80,
        0x1E, 0x15, 0xA2, 0x02, 0xFF, 0xFF, 0x00, 0x80, 0x1F, 0x15, 0xA3, 0x02, 0xFF, 0xFF, 0x00, 0x80,
        0x20, 0x15, 0xA4, 0x02, 0xFF, 0xFF, 0x00, 0x80, 0x21, 0x15, 0xFF, 0xFF, 0x43, 0x01, 0x00, 0x80,
        0x22, 0x15, 0xFF, 0xFF, 0x44, 0x01, 0x00, 0x80, 0x23, 0x15, 0xFF, 0xFF, 0x45, 0x01, 0x00, 0x80,
        0x24, 0x15, 0xFF, 0xFF, 0x46, 0x01, 0x00, 0x80, 0x25, 0x15, 0xFF, 0xFF, 0x47, 0x01, 0x00, 0x80,
        0x26, 0x15, 0xFF, 0xFF, 0x48, 0x01, 0x00, 0x80, 0x27, 0x15, 0xFF, 0xFF, 0x49, 0x01, 0x00, 0x80,
        0x28, 0x15, 0xFF, 0xFF, 0x4A, 0x01, 0x00, 0x80, 0x29, 0x15, 0xA5, 0x02, 0xFF, 0xFF, 0x00, 0x80,
        0x2A, 0x15, 0xFF, 0xFF, 0x4B, 0x01, 0x00, 0x80, 0x2B, 0x15, 0xA6, 0x02, 0xFF, 0xFF, 0x00, 0x80,
        0x2C, 0x15, 0xFF, 0xFF, 0x4C, 0x01, 0x00, 0x80, 0x2D, 0x15, 0xA7, 0x02, 0xFF, 0xFF, 0x00, 0x80,
        0x2E, 0x15, 0xFF, 0xFF, 0x4D, 0x01, 0x00, 0x80, 0x2F, 0x15, 0xA8, 0x02, 0xFF, 0xFF, 0x00, 0x80,
        0x30, 0x15, 0xFF, 0xFF, 0x4E, 0x01, 0x00, 0x80, 0x31, 0x15, 0xA9, 0x02, 0xFF, 0xFF, 0x00, 0x80,
        0x32, 0x15, 0xFF, 0xFF, 0x4F, 0x01, 0x00, 0x80, 0x33, 0x15, 0xAA, 0x02, 0xFF, 0xFF, 0x00, 0x80,
        0x34, 0x15, 0xFF, 0xFF, 0x50, 0x01, 0x00, 0x80, 0x35, 0x15, 0xAD, 0x02, 0xFF, 0xFF, 0x00, 0x80,
        0x36, 0x15, 0xFF, 0xFF, 0x53, 0x01, 0x00, 0x80, 0x37, 0x15, 0xAE, 0x02, 0xFF, 0xFF, 0x00, 0x80,
        0x38, 0x15, 0xFF, 0xFF, 0x54, 0x01, 0x00, 0x80, 0x39, 0x15, 0xAB, 0x02, 0xFF, 0xFF, 0x00, 0x80,
        0x3A, 0x15, 0xFF, 0xFF, 0x51, 0x01, 0x00, 0x80, 0x3B, 0x15, 0xAC, 0x02, 0xFF, 0xFF, 0x00, 0x80,
        0x3C, 0x15, 0xFF, 0xFF, 0x52, 0x01, 0x00, 0x80, 0x3F, 0x15, 0xAF, 0x02, 0xFF, 0xFF, 0x00, 0x80,
        0x40, 0x15, 0xB0, 0x02, 0xFF, 0xFF, 0x00, 0x80, 0x41, 0x15, 0xB1, 0x02, 0xFF, 0xFF, 0x00, 0x80,
        0x42, 0x15, 0xB2, 0x02, 0xFF, 0xFF, 0x00, 0x80, 0x43, 0x15, 0xB3, 0x02, 0xFF, 0xFF, 0x00, 0x80,
        0x44, 0x15, 0xB4, 0x02, 0xFF, 0xFF, 0x00, 0x80, 0x45, 0x15, 0xFF, 0xFF, 0x55, 0x01, 0x00, 0x80,
        0x46, 0x15, 0xFF, 0xFF, 0x56, 0x01, 0x00, 0x80, 0x47, 0x15, 0xFF, 0xFF, 0x57, 0x01, 0x00, 0x80,
        0x48, 0x15, 0xFF, 0xFF, 0x58, 0x01, 0x00, 0x80, 0x49, 0x15, 0xFF, 0xFF, 0x59, 0x01, 0x00, 0x80,
        0x4A, 0x15, 0xFF, 0xFF, 0x5A, 0x01, 0x00, 0x80, 0x58, 0x15, 0xB5, 0x02, 0xFF, 0xFF, 0x00, 0x00,
        0x5B, 0x15, 0xB7, 0x02, 0xFF, 0xFF, 0x00, 0x80, 0x5C, 0x15, 0xB7, 0x02, 0xFF, 0xFF, 0x01, 0x80,
        0x5D, 0x15, 0xB8, 0x02, 0xFF, 0xFF, 0x00, 0x80, 0x5E, 0x15, 0xB8, 0x02, 0xFF, 0xFF, 0x01, 0x80,
        0x5F, 0x15, 0xB9, 0x02, 0xFF, 0xFF, 0x00, 0x80, 0x60, 0x15, 0xBA, 0x02, 0xFF, 0xFF, 0x00, 0x80,
        0x69, 0x15, 0x8D, 0x02, 0xFF, 0xFF, 0x00, 0x00, 0x6A, 0x15, 0xBB, 0x02, 0xFF, 0xFF, 0x00, 0x80,
        0x6B, 0x15, 0xF2, 0x00, 0xFF, 0xFF, 0x42, 0x80, 0x6E, 0x15, 0xF2, 0x00, 0xFF, 0xFF, 0x43, 0x80,
        0x6F, 0x15, 0xF2, 0x00, 0xFF, 0xFF, 0x44, 0x80, 0x70, 0x15, 0xF5, 0x00, 0xFF, 0xFF, 0x1D, 0x80,
        0x71, 0x15, 0xF2, 0x00, 0xFF, 0xFF, 0x45, 0x80, 0x72, 0x15, 0xF0, 0x00, 0xFF, 0xFF, 0x5D, 0x80,
        0x73, 0x15, 0xF2, 0x00, 0xFF, 0xFF, 0x46, 0x80, 0x74, 0x15, 0xC5, 0x02, 0xFF, 0xFF, 0x00, 0x80,
        0x75, 0x15, 0xC4, 0x02, 0xFF, 0xFF, 0x00, 0x80, 0x76, 0x15, 0xFF, 0xFF, 0x5B, 0x01, 0x00, 0x80,
        0x79, 0x15, 0x5B, 0x00, 0xFF, 0xFF, 0x37, 0x81, 0x7A, 0x15, 0x5B, 0x00, 0xFF, 0xFF, 0x38, 0x81,
        0x87, 0x15, 0xD4, 0x02, 0xFF, 0xFF, 0x00, 0x80, 0x88, 0x15, 0xC6, 0x02, 0xFF, 0xFF, 0x00, 0x80,
        0x8A, 0x15, 0xC7, 0x02, 0xFF, 0xFF, 0x00, 0x80, 0x8C, 0x15, 0xC8, 0x02, 0xFF, 0xFF, 0x00, 0x80,
        0x90, 0x15, 0xC9, 0x02, 0xFF, 0xFF, 0x00, 0x80, 0x91, 0x15, 0xCA, 0x02, 0xFF, 0xFF, 0x00, 0x80,
        0x92, 0x15, 0xCB, 0x02, 0xFF, 0xFF, 0x00, 0x80, 0x97, 0x15, 0xF0, 0x00, 0xFF, 0xFF, 0x5E, 0x80,
        0x98, 0x15, 0xF0, 0x00, 0xFF, 0xFF, 0x5F, 0x80, 0x99, 0x15, 0xF0, 0x00, 0xFF, 0xFF, 0x60, 0x80,
        0x9A, 0x15, 0xF5, 0x00, 0xFF, 0xFF, 0x1E, 0x80, 0x9B, 0x15, 0xF2, 0x00, 0xFF, 0xFF, 0x47, 0x80,
        0x9C, 0x15, 0x1A, 0x00, 0xFF, 0xFF, 0x00, 0x80, 0x9D, 0x15, 0x1A, 0x00, 0xFF, 0xFF, 0x01, 0x80,
        0xA2, 0x15, 0x8B, 0x00, 0xFF, 0xFF, 0x59, 0x80, 0xA3, 0x15, 0x8B, 0x00, 0xFF, 0xFF, 0x5C, 0x80,
        0xA8, 0x15, 0x13, 0x00, 0xFF, 0xFF, 0x31, 0x80, 0xA9, 0x15, 0xFF, 0xFF, 0xF4, 0x00, 0x00, 0x80,
        0xAA, 0x15, 0xFF, 0xFF, 0x02, 0x00, 0x00, 0x80, 0xAC, 0x15, 0x5A, 0x00, 0xFF, 0xFF, 0x2B, 0x80,
        0xAD, 0x15, 0x4F, 0x00, 0xFF, 0xFF, 0x2B, 0x80, 0xAE, 0x15, 0x65, 0x00, 0xFF, 0xFF, 0x2C, 0x80,
        0xAF, 0x15, 0x58, 0x00, 0xFF, 0xFF, 0x2B, 0x80, 0xB0, 0x15, 0x64, 0x00, 0xFF, 0xFF, 0x2B, 0x80,
        0xB1, 0x15, 0x21, 0x00, 0xFF, 0xFF, 0x2A, 0x80, 0xB2, 0x15, 0x0F, 0x00, 0xFF, 0xFF, 0x30, 0x80,
        0xB3, 0x15, 0x22, 0x00, 0xFF, 0xFF, 0x31, 0x80, 0xB4, 0x15, 0xD3, 0x01, 0xFF, 0xFF, 0x11, 0x80,
        0xB5, 0x15, 0x68, 0x00, 0xFF, 0xFF, 0x2C, 0x80, 0xB6, 0x15, 0x0A, 0x00, 0xFF, 0xFF, 0x31, 0x80,
        0xB7, 0x15, 0x5D, 0x00, 0xFF, 0xFF, 0x2B, 0x80, 0xB8, 0x15, 0x2A, 0x00, 0xFF, 0xFF, 0x31, 0x80,
        0xB9, 0x15, 0x57, 0x00, 0xFF, 0xFF, 0x2B, 0x80, 0xBA, 0x15, 0x13, 0x00, 0xFF, 0xFF, 0x32, 0x80,
        0xBB, 0x15, 0xAC, 0x00, 0xFF, 0xFF, 0x2C, 0x80, 0xBC, 0x15, 0x59, 0x00, 0xFF, 0xFF, 0x2F, 0x80,
        0xBD, 0x15, 0xD5, 0x01, 0xFF, 0xFF, 0x0C, 0x80, 0xBE, 0x15, 0x12, 0x00, 0xFF, 0xFF, 0x2C, 0x80,
        0xBF, 0x15, 0xD4, 0x01, 0xFF, 0xFF, 0x11, 0x80, 0xC0, 0x15, 0xF1, 0x01, 0xFF, 0xFF, 0x2B, 0x80,
        0xC1, 0x15, 0xCD, 0x02, 0xFF, 0xFF, 0x00, 0x80, 0xC2, 0x15, 0xCE, 0x02, 0xFF, 0xFF, 0x00, 0x80,
        0xC3, 0x15, 0xCF, 0x02, 0xFF, 0xFF, 0x00, 0x80, 0xCA, 0x15, 0x8B, 0x00, 0xFF, 0xFF, 0x58, 0x80,
        0xCB, 0x15, 0x8B, 0x00, 0xFF, 0xFF, 0x5A, 0x80, 0xCC, 0x15, 0x8B, 0x00, 0xFF, 0xFF, 0x5B, 0x80,
        0xCD, 0x15, 0x8B, 0x00, 0xFF, 0xFF, 0x5D, 0x80, 0xCE, 0x15, 0x8B, 0x00, 0xFF, 0xFF, 0x5E, 0x80,
        0xDE, 0x15, 0xD0, 0x02, 0xFF, 0xFF, 0x00, 0x80, 0xDF, 0x15, 0xD1, 0x02, 0xFF, 0xFF, 0x00, 0x80,
        0xE1, 0x15, 0x5A, 0x00, 0xFF, 0xFF, 0x2C, 0x80, 0xE2, 0x15, 0x4F, 0x00, 0xFF, 0xFF, 0x2C, 0x80,
        0xE3, 0x15, 0x65, 0x00, 0xFF, 0xFF, 0x2D, 0x80, 0xE4, 0x15, 0x58, 0x00, 0xFF, 0xFF, 0x2C, 0x80,
        0xE5, 0x15, 0x64, 0x00, 0xFF, 0xFF, 0x2C, 0x80, 0xE6, 0x15, 0x21, 0x00, 0xFF, 0xFF, 0x2B, 0x80,
        0xE7, 0x15, 0x0F, 0x00, 0xFF, 0xFF, 0x31, 0x80, 0xE8, 0x15, 0x22, 0x00, 0xFF, 0xFF, 0x32, 0x80,
        0xE9, 0x15, 0xD3, 0x01, 0xFF, 0xFF, 0x12, 0x80, 0xEA, 0x15, 0x68, 0x00, 0xFF, 0xFF, 0x2D, 0x80,
        0xEB, 0x15, 0x0A, 0x00, 0xFF, 0xFF, 0x32, 0x80, 0xEC, 0x15, 0x5D, 0x00, 0xFF, 0xFF, 0x2C, 0x80,
        0xED, 0x15, 0x2A, 0x00, 0xFF, 0xFF, 0x32, 0x80, 0xEE, 0x15, 0x57, 0x00, 0xFF, 0xFF, 0x2C, 0x80,
        0xEF, 0x15, 0x13, 0x00, 0xFF, 0xFF, 0x33, 0x80, 0xF0, 0x15, 0xAC, 0x00, 0xFF, 0xFF, 0x2D, 0x80,
        0xF1, 0x15, 0x59, 0x00, 0xFF, 0xFF, 0x30, 0x80, 0xF2, 0x15, 0xD5, 0x01, 0xFF, 0xFF, 0x0D, 0x80,
        0xF3, 0x15, 0x12, 0x00, 0xFF, 0xFF, 0x2D, 0x80, 0xF4, 0x15, 0xD4, 0x01, 0xFF, 0xFF, 0x12, 0x80,
        0xF5, 0x15, 0xF1, 0x01, 0xFF, 0xFF, 0x2C, 0x80, 0xF6, 0x15, 0xD2, 0x02, 0xFF, 0xFF, 0x00, 0x80,
        0xF7, 0x15, 0xFF, 0xFF, 0x5C, 0x01, 0x00, 0x80, 0xFE, 0x15, 0xF2, 0x00, 0xFF, 0xFF, 0x49, 0x80,
        0xFF, 0x15, 0xF0, 0x00, 0xFF, 0xFF, 0x62, 0x80, 0x00, 0x16, 0xF0, 0x00, 0xFF, 0xFF, 0x61, 0x80,
        0x01, 0x16, 0xF0, 0x00, 0xFF, 0xFF, 0x63, 0x80, 0x02, 0x16, 0xF5, 0x00, 0xFF, 0xFF, 0x1F, 0x80,
        0x03, 0x16, 0xF2, 0x00, 0xFF, 0xFF, 0x48, 0x80, 0x04, 0x16, 0xF2, 0x00, 0xFF, 0xFF, 0x4A, 0x80,
        0x05, 0x16, 0x8B, 0x00, 0xFF, 0xFF, 0x5F, 0x80, 0x06, 0x16, 0x8B, 0x00, 0xFF, 0xFF, 0x60, 0x80,
        0x07, 0x16, 0x8B, 0x00, 0xFF, 0xFF, 0x61, 0x80, 0x13, 0x16, 0x5B, 0x00, 0xFF, 0xFF, 0x39, 0x81,
        0x14, 0x16, 0x55, 0x02, 0xFF, 0xFF, 0x09, 0x80, 0x15, 0x16, 0x55, 0x02, 0xFF, 0xFF, 0x0A, 0x80,
        0x17, 0x16, 0xD5, 0x02, 0xFF, 0xFF, 0x00, 0x80, 0x28, 0x16, 0x5B, 0x00, 0xFF, 0xFF, 0x3A, 0x81,
        0x29, 0x16, 0x5B, 0x00, 0xFF, 0xFF, 0x3B, 0x81, 0x2A, 0x16, 0xD7, 0x02, 0xFF, 0xFF, 0x00, 0x80,
        0x2B, 0x16, 0xD8, 0x02, 0xFF, 0xFF, 0x00, 0x80, 0x2C, 0x16, 0xD9, 0x02, 0xFF, 0xFF, 0x00, 0x80,
        0x2D, 0x16, 0xDA, 0x02, 0xFF, 0xFF, 0x00, 0x80, 0x2E, 0x16, 0xDB, 0x02, 0xFF, 0xFF, 0x00, 0x80,
        0x2F, 0x16, 0xDC, 0x02, 0xFF, 0xFF, 0x00, 0x80, 0x39, 0x16, 0x5A, 0x00, 0xFF, 0xFF, 0x2D, 0x80,
        0x3A, 0x16, 0x4F, 0x00, 0xFF, 0xFF, 0x2D, 0x80, 0x3B, 0x16, 0x65, 0x00, 0xFF, 0xFF, 0x2E, 0x80,
        0x3C, 0x16, 0x58, 0x00, 0xFF, 0xFF, 0x2D, 0x80, 0x3D, 0x16, 0x64, 0x00, 0xFF, 0xFF, 0x2D, 0x80,
        0x3E, 0x16, 0x21, 0x00, 0xFF, 0xFF, 0x2C, 0x80, 0x3F, 0x16, 0x0F, 0x00, 0xFF, 0xFF, 0x32, 0x80,
        0x40, 0x16, 0x22, 0x00, 0xFF, 0xFF, 0x33, 0x80, 0x41, 0x16, 0xD3, 0x01, 0xFF, 0xFF, 0x13, 0x80,
        0x42, 0x16, 0x68, 0x00, 0xFF, 0xFF, 0x2E, 0x80, 0x43, 0x16, 0x0A, 0x00, 0xFF, 0xFF, 0x33, 0x80,
        0x44, 0x16, 0x5D, 0x00, 0xFF, 0xFF, 0x2D, 0x80, 0x45, 0x16, 0x2A, 0x00, 0xFF, 0xFF, 0x33, 0x80,
        0x46, 0x16, 0x57, 0x00, 0xFF, 0xFF, 0x2D, 0x80, 0x47, 0x16, 0x13, 0x00, 0xFF, 0xFF, 0x34, 0x80,
        0x48, 0x16, 0xAC, 0x00, 0xFF, 0xFF, 0x2E, 0x80, 0x49, 0x16, 0x59, 0x00, 0xFF, 0xFF, 0x31, 0x80,
        0x4A, 0x16, 0xD5, 0x01, 0xFF, 0xFF, 0x0E, 0x80, 0x4B, 0x16, 0x12, 0x00, 0xFF, 0xFF, 0x2E, 0x80,
        0x4C, 0x16, 0xD4, 0x01, 0xFF, 0xFF, 0x13, 0x80, 0x4D, 0x16, 0xF1, 0x01, 0xFF, 0xFF, 0x2D, 0x80,
        0x4E, 0x16, 0xDE, 0x02, 0xFF, 0xFF, 0x00, 0x80, 0x4F, 0x16, 0xFF, 0xFF, 0x5F, 0x01, 0x00, 0x80,
        0x50, 0x16, 0x5A, 0x00, 0xFF, 0xFF, 0x2E, 0x80, 0x51, 0x16, 0x4F, 0x00, 0xFF, 0xFF, 0x2E, 0x80,
        0x52, 0x16, 0x65, 0x00, 0xFF, 0xFF, 0x2F, 0x80, 0x53, 0x16, 0x58, 0x00, 0xFF, 0xFF, 0x2E, 0x80,
        0x54, 0x16, 0x64, 0x00, 0xFF, 0xFF, 0x2E, 0x80, 0x55, 0x16, 0x21, 0x00, 0xFF, 0xFF, 0x2D, 0x80,
        0x56, 0x16, 0x0F, 0x00, 0xFF, 0xFF, 0x33, 0x80, 0x57, 0x16, 0x22, 0x00, 0xFF, 0xFF, 0x34, 0x80,
        0x58, 0x16, 0xD3, 0x01, 0xFF, 0xFF, 0x14, 0x80, 0x59, 0x16, 0x68, 0x00, 0xFF, 0xFF, 0x2F, 0x80,
        0x5A, 0x16, 0x0A, 0x00, 0xFF, 0xFF, 0x34, 0x80, 0x5B, 0x16, 0x5D, 0x00, 0xFF, 0xFF, 0x2E, 0x80,
        0x5C, 0x16, 0x2A, 0x00, 0xFF, 0xFF, 0x34, 0x80, 0x5D, 0x16, 0x57, 0x00, 0xFF, 0xFF, 0x2E, 0x80,
        0x5E, 0x16, 0x13, 0x00, 0xFF, 0xFF, 0x35, 0x80, 0x5F, 0x16, 0xAC, 0x00, 0xFF, 0xFF, 0x2F, 0x80,
        0x60, 0x16, 0x59, 0x00, 0xFF, 0xFF, 0x32, 0x80, 0x61, 0x16, 0xD5, 0x01, 0xFF, 0xFF, 0x0F, 0x80,
        0x62, 0x16, 0x12, 0x00, 0xFF, 0xFF, 0x2F, 0x80, 0x63, 0x16, 0xD4, 0x01, 0xFF, 0xFF, 0x14, 0x80,
        0x64, 0x16, 0xF1, 0x01, 0xFF, 0xFF, 0x2E, 0x80, 0x65, 0x16, 0xDF, 0x02, 0xFF, 0xFF, 0x00, 0x80,
        0x66, 0x16, 0xFF, 0xFF, 0x60, 0x01, 0x00, 0x80, 0x6B, 0x16, 0x5A, 0x00, 0xFF, 0xFF, 0x2F, 0x80,
        0x6C, 0x16, 0x4F, 0x00, 0xFF, 0xFF, 0x2F, 0x80, 0x6D, 0x16, 0x58, 0x00, 0xFF, 0xFF, 0x2F, 0x80,
        0x6E, 0x16, 0x64, 0x00, 0xFF, 0xFF, 0x2F, 0x80, 0x6F, 0x16, 0x21, 0x00, 0xFF, 0xFF, 0x2E, 0x80,
        0x70, 0x16, 0x22, 0x00, 0xFF, 0xFF, 0x35, 0x80, 0x71, 0x16, 0xD3, 0x01, 0xFF, 0xFF, 0x15, 0x80,
        0x72, 0x16, 0x68, 0x00, 0xFF, 0xFF, 0x30, 0x80, 0x73, 0x16, 0x0A, 0x00, 0xFF, 0xFF, 0x35, 0x80,
        0x74, 0x16, 0x5D, 0x00, 0xFF, 0xFF, 0x2F, 0x80, 0x75, 0x16, 0x2A, 0x00, 0xFF, 0xFF, 0x35, 0x80,
        0x76, 0x16, 0x57, 0x00, 0xFF, 0xFF, 0x2F, 0x80, 0x77, 0x16, 0x13, 0x00, 0xFF, 0xFF, 0x36, 0x80,
        0x78, 0x16, 0xAC, 0x00, 0xFF, 0xFF, 0x30, 0x80, 0x79, 0x16, 0x59, 0x00, 0xFF, 0xFF, 0x33, 0x80,
        0x7A, 0x16, 0xD4, 0x01, 0xFF, 0xFF, 0x15, 0x80, 0x7B, 0x16, 0xF1, 0x01, 0xFF, 0xFF, 0x2F, 0x80,
        0x7C, 0x16, 0x5A, 0x00, 0xFF, 0xFF, 0x30, 0x80, 0x7D, 0x16, 0x4F, 0x00, 0xFF, 0xFF, 0x30, 0x80,
        0x7E, 0x16, 0x65, 0x00, 0xFF, 0xFF, 0x30, 0x80, 0x7F, 0x16, 0x64, 0x00, 0xFF, 0xFF, 0x30, 0x80,
        0x80, 0x16, 0x21, 0x00, 0xFF, 0xFF, 0x2F, 0x80, 0x81, 0x16, 0x0F, 0x00, 0xFF, 0xFF, 0x34, 0x80,
        0x82, 0x16, 0x22, 0x00, 0xFF, 0xFF, 0x36, 0x80, 0x83, 0x16, 0xD3, 0x01, 0xFF, 0xFF, 0x16, 0x80,
        0x84, 0x16, 0x68, 0x00, 0xFF, 0xFF, 0x31, 0x80, 0x85, 0x16, 0x0A, 0x00, 0xFF, 0xFF, 0x36, 0x80,
        0x86, 0x16, 0x58, 0x00, 0xFF, 0xFF, 0x30, 0x80, 0x87, 0x16, 0x5D, 0x00, 0xFF, 0xFF, 0x30, 0x80,
        0x88, 0x16, 0x2A, 0x00, 0xFF, 0xFF, 0x36, 0x80, 0x89, 0x16, 0x57, 0x00, 0xFF, 0xFF, 0x30, 0x80,
        0x8A, 0x16, 0x13, 0x00, 0xFF, 0xFF, 0x37, 0x80, 0x8B, 0x16, 0xAC, 0x00, 0xFF, 0xFF, 0x31, 0x80,
        0x8C, 0x16, 0x59, 0x00, 0xFF, 0xFF, 0x34, 0x80, 0x8D, 0x16, 0xD5, 0x01, 0xFF, 0xFF, 0x10, 0x80,
        0x8E, 0x16, 0xF1, 0x01, 0xFF, 0xFF, 0x30, 0x80, 0x8F, 0x16, 0x12, 0x00, 0xFF, 0xFF, 0x30, 0x80,
        0x90, 0x16, 0xD4, 0x01, 0xFF, 0xFF, 0x16, 0x80, 0x91, 0x16, 0x5A, 0x00, 0xFF, 0xFF, 0x31, 0x80,
        0x92, 0x16, 0x4F, 0x00, 0xFF, 0xFF, 0x31, 0x80, 0x93, 0x16, 0x65, 0x00, 0xFF, 0xFF, 0x31, 0x80,
        0x94, 0x16, 0x64, 0x00, 0xFF, 0xFF, 0x31, 0x80, 0x95, 0x16, 0x21, 0x00, 0xFF, 0xFF, 0x30, 0x80,
        0x96, 0x16, 0x0F, 0x00, 0xFF, 0xFF, 0x35, 0x80, 0x97, 0x16, 0x22, 0x00, 0xFF, 0xFF, 0x37, 0x80,
        0x98, 0x16, 0xD3, 0x01, 0xFF, 0xFF, 0x17, 0x80, 0x99, 0x16, 0x68, 0x00, 0xFF, 0xFF, 0x32, 0x80,
        0x9A, 0x16, 0x0A, 0x00, 0xFF, 0xFF, 0x37, 0x80, 0x9B, 0x16, 0x58, 0x00, 0xFF, 0xFF, 0x31, 0x80,
        0x9C, 0x16, 0x5D, 0x00, 0xFF, 0xFF, 0x31, 0x80, 0x9D, 0x16, 0x2A, 0x00, 0xFF, 0xFF, 0x37, 0x80,
        0x9E, 0x16, 0x57, 0x00, 0xFF, 0xFF, 0x31, 0x80, 0x9F, 0x16, 0x13, 0x00, 0xFF, 0xFF, 0x38, 0x80,
        0xA0, 0x16, 0xAC, 0x00, 0xFF, 0xFF, 0x32, 0x80, 0xA1, 0x16, 0x59, 0x00, 0xFF, 0xFF, 0x35, 0x80,
        0xA2, 0x16, 0xD5, 0x01, 0xFF, 0xFF, 0x11, 0x80, 0xA3, 0x16, 0xF1, 0x01, 0xFF, 0xFF, 0x31, 0x80,
        0xA4, 0x16, 0x12, 0x00, 0xFF, 0xFF, 0x31, 0x80, 0xA5, 0x16, 0xD4, 0x01, 0xFF, 0xFF, 0x17, 0x80,
        0xA6, 0x16, 0x5A, 0x00, 0xFF, 0xFF, 0x32, 0x80, 0xA7, 0x16, 0x4F, 0x00, 0xFF, 0xFF, 0x32, 0x80,
        0xA8, 0x16, 0x65, 0x00, 0xFF, 0xFF, 0x32, 0x80, 0xA9, 0x16, 0x64, 0x00, 0xFF, 0xFF, 0x32, 0x80,
        0xAA, 0x16, 0x21, 0x00, 0xFF, 0xFF, 0x31, 0x80, 0xAB, 0x16, 0x0F, 0x00, 0xFF, 0xFF, 0x36, 0x80,
        0xAC, 0x16, 0x22, 0x00, 0xFF, 0xFF, 0x38, 0x80, 0xAD, 0x16, 0xD3, 0x01, 0xFF, 0xFF, 0x18, 0x80,
        0xAE, 0x16, 0x68, 0x00, 0xFF, 0xFF, 0x33, 0x80, 0xAF, 0x16, 0x0A, 0x00, 0xFF, 0xFF, 0x38, 0x80,
        0xB0, 0x16, 0x58, 0x00, 0xFF, 0xFF, 0x32, 0x80, 0xB1, 0x16, 0x5D, 0x00, 0xFF, 0xFF, 0x32, 0x80,
        0xB2, 0x16, 0x2A, 0x00, 0xFF, 0xFF, 0x38, 0x80, 0xB3, 0x16, 0x57, 0x00, 0xFF, 0xFF, 0x32, 0x80,
        0xB4, 0x16, 0x13, 0x00, 0xFF, 0xFF, 0x39, 0x80, 0xB5, 0x16, 0xAC, 0x00, 0xFF, 0xFF, 0x33, 0x80,
        0xB6, 0x16, 0x59, 0x00, 0xFF, 0xFF, 0x36, 0x80, 0xB7, 0x16, 0xD5, 0x01, 0xFF, 0xFF, 0x12, 0x80,
        0xB8, 0x16, 0xF1, 0x01, 0xFF, 0xFF, 0x32, 0x80, 0xB9, 0x16, 0x12, 0x00, 0xFF, 0xFF, 0x32, 0x80,
        0xBA, 0x16, 0xD4, 0x01, 0xFF, 0xFF, 0x18, 0x80, 0xBB, 0x16, 0x5A, 0x00, 0xFF, 0xFF, 0x33, 0x80,
        0xBC, 0x16, 0x4F, 0x00, 0xFF, 0xFF, 0x33, 0x80, 0xBD, 0x16, 0x65, 0x00, 0xFF, 0xFF, 0x33, 0x80,
        0xBE, 0x16, 0x64, 0x00, 0xFF, 0xFF, 0x33, 0x80, 0xBF, 0x16, 0x21, 0x00, 0xFF, 0xFF, 0x32, 0x80,
        0xC0, 0x16, 0x0F, 0x00, 0xFF, 0xFF, 0x37, 0x80, 0xC1, 0x16, 0x22, 0x00, 0xFF, 0xFF, 0x39, 0x80,
        0xC2, 0x16, 0xD3, 0x01, 0xFF, 0xFF, 0x19, 0x80, 0xC3, 0x16, 0x68, 0x00, 0xFF, 0xFF, 0x34, 0x80,
        0xC4, 0x16, 0x0A, 0x00, 0xFF, 0xFF, 0x39, 0x80, 0xC5, 0x16, 0x58, 0x00, 0xFF, 0xFF, 0x33, 0x80,
        0xC6, 0x16, 0x5D, 0x00, 0xFF, 0xFF, 0x33, 0x80, 0xC7, 0x16, 0x2A, 0x00, 0xFF, 0xFF, 0x39, 0x80,
        0xC8, 0x16, 0x57, 0x00, 0xFF, 0xFF, 0x33, 0x80, 0xC9, 0x16, 0x13, 0x00, 0xFF, 0xFF, 0x3A, 0x80,
        0xCA, 0x16, 0xAC, 0x00, 0xFF, 0xFF, 0x34, 0x80, 0xCB, 0x16, 0x59, 0x00, 0xFF, 0xFF, 0x37, 0x80,
        0xCC, 0x16, 0xD5, 0x01, 0xFF, 0xFF, 0x13, 0x80, 0xCD, 0x16, 0xF1, 0x01, 0xFF, 0xFF, 0x33, 0x80,
        0xCE, 0x16, 0x12, 0x00, 0xFF, 0xFF, 0x33, 0x80, 0xCF, 0x16, 0xD4, 0x01, 0xFF, 0xFF, 0x19, 0x80,
        0xD0, 0x16, 0x5A, 0x00, 0xFF, 0xFF, 0x34, 0x80, 0xD1, 0x16, 0x4F, 0x00, 0xFF, 0xFF, 0x34, 0x80,
        0xD2, 0x16, 0x65, 0x00, 0xFF, 0xFF, 0x34, 0x80, 0xD3, 0x16, 0x64, 0x00, 0xFF, 0xFF, 0x34, 0x80,
        0xD4, 0x16, 0x21, 0x00, 0xFF, 0xFF, 0x33, 0x80, 0xD5, 0x16, 0x22, 0x00, 0xFF, 0xFF, 0x3A, 0x80,
        0xD6, 0x16, 0xD3, 0x01, 0xFF, 0xFF, 0x1A, 0x80, 0xD7, 0x16, 0x68, 0x00, 0xFF, 0xFF, 0x35, 0x80,
        0xD8, 0x16, 0x58, 0x00, 0xFF, 0xFF, 0x34, 0x80, 0xD9, 0x16, 0x5D, 0x00, 0xFF, 0xFF, 0x34, 0x80,
        0xDA, 0x16, 0x2A, 0x00, 0xFF, 0xFF, 0x3A, 0x80, 0xDB, 0x16, 0x57, 0x00, 0xFF, 0xFF, 0x34, 0x80,
        0xDC, 0x16, 0x13, 0x00, 0xFF, 0xFF, 0x3B, 0x80, 0xDD, 0x16, 0xAC, 0x00, 0xFF, 0xFF, 0x35, 0x80,
        0xDE, 0x16, 0x59, 0x00, 0xFF, 0xFF, 0x38, 0x80, 0xDF, 0x16, 0xF1, 0x01, 0xFF, 0xFF, 0x34, 0x80,
        0xE0, 0x16, 0x12, 0x00, 0xFF, 0xFF, 0x34, 0x80, 0xE1, 0x16, 0xD4, 0x01, 0xFF, 0xFF, 0x1A, 0x80,
        0xE2, 0x16, 0x5A, 0x00, 0xFF, 0xFF, 0x35, 0x80, 0xE3, 0x16, 0x4F, 0x00, 0xFF, 0xFF, 0x35, 0x80,
        0xE4, 0x16, 0x65, 0x00, 0xFF, 0xFF, 0x35, 0x80, 0xE5, 0x16, 0x64, 0x00, 0xFF, 0xFF, 0x35, 0x80,
        0xE6, 0x16, 0x21, 0x00, 0xFF, 0xFF, 0x34, 0x80, 0xE7, 0x16, 0x0F, 0x00, 0xFF, 0xFF, 0x38, 0x80,
        0xE8, 0x16, 0x22, 0x00, 0xFF, 0xFF, 0x3B, 0x80, 0xE9, 0x16, 0xD3, 0x01, 0xFF, 0xFF, 0x1B, 0x80,
        0xEA, 0x16, 0x68, 0x00, 0xFF, 0xFF, 0x36, 0x80, 0xEB, 0x16, 0x0A, 0x00, 0xFF, 0xFF, 0x3A, 0x80,
        0xEC, 0x16, 0x58, 0x00, 0xFF, 0xFF, 0x35, 0x80, 0xED, 0x16, 0x5D, 0x00, 0xFF, 0xFF, 0x35, 0x80,
        0xEE, 0x16, 0x2A, 0x00, 0xFF, 0xFF, 0x3B, 0x80, 0xEF, 0x16, 0x57, 0x00, 0xFF, 0xFF, 0x35, 0x80,
        0xF0, 0x16, 0x13, 0x00, 0xFF, 0xFF, 0x3C, 0x80, 0xF1, 0x16, 0xAC, 0x00, 0xFF, 0xFF, 0x36, 0x80,
        0xF2, 0x16, 0x59, 0x00, 0xFF, 0xFF, 0x39, 0x80, 0xF3, 0x16, 0xD5, 0x01, 0xFF, 0xFF, 0x14, 0x80,
        0xF4, 0x16, 0xF1, 0x01, 0xFF, 0xFF, 0x35, 0x80, 0xF5, 0x16, 0x12, 0x00, 0xFF, 0xFF, 0x35, 0x80,
        0xF6, 0x16, 0xD4, 0x01, 0xFF, 0xFF, 0x1B, 0x80, 0xF7, 0x16, 0x5A, 0x00, 0xFF, 0xFF, 0x36, 0x80,
        0xF8, 0x16, 0x4F, 0x00, 0xFF, 0xFF, 0x36, 0x80, 0xF9, 0x16, 0x65, 0x00, 0xFF, 0xFF, 0x36, 0x80,
        0xFA, 0x16, 0x64, 0x00, 0xFF, 0xFF, 0x36, 0x80, 0xFB, 0x16, 0x21, 0x00, 0xFF, 0xFF, 0x35, 0x80,
        0xFC, 0x16, 0x0F, 0x00, 0xFF, 0xFF, 0x39, 0x80, 0xFD, 0x16, 0x22, 0x00, 0xFF, 0xFF, 0x3C, 0x80,
        0xFE, 0x16, 0xD3, 0x01, 0xFF, 0xFF, 0x1C, 0x80, 0xFF, 0x16, 0x68, 0x00, 0xFF, 0xFF, 0x37, 0x80,
        0x00, 0x17, 0x58, 0x00, 0xFF, 0xFF, 0x36, 0x80, 0x01, 0x17, 0x5D, 0x00, 0xFF, 0xFF, 0x36, 0x80,
        0x02, 0x17, 0x2A, 0x00, 0xFF, 0xFF, 0x3C, 0x80, 0x03, 0x17, 0x57, 0x00, 0xFF, 0xFF, 0x36, 0x80,
        0x04, 0x17, 0xAC, 0x00, 0xFF, 0xFF, 0x37, 0x80, 0x05, 0x17, 0x59, 0x00, 0xFF, 0xFF, 0x3A, 0x80,
        0x06, 0x17, 0xD5, 0x01, 0xFF, 0xFF, 0x15, 0x80, 0x07, 0x17, 0xF1, 0x01, 0xFF, 0xFF, 0x36, 0x80,
        0x08, 0x17, 0x12, 0x00, 0xFF, 0xFF, 0x36, 0x80, 0x09, 0x17, 0xD4, 0x01, 0xFF, 0xFF, 0x1C, 0x80,
        0x0A, 0x17, 0x5A, 0x00, 0xFF, 0xFF, 0x37, 0x80, 0x0B, 0x17, 0x4F, 0x00, 0xFF, 0xFF, 0x37, 0x80,
        0x0C, 0x17, 0x65, 0x00, 0xFF, 0xFF, 0x37, 0x80, 0x0D, 0x17, 0x64, 0x00, 0xFF, 0xFF, 0x37, 0x80,
        0x0E, 0x17, 0x21, 0x00, 0xFF, 0xFF, 0x36, 0x80, 0x0F, 0x17, 0x0F, 0x00, 0xFF, 0xFF, 0x3A, 0x80,
        0x10, 0x17, 0x22, 0x00, 0xFF, 0xFF, 0x3D, 0x80, 0x11, 0x17, 0xD3, 0x01, 0xFF, 0xFF, 0x1D, 0x80,
        0x12, 0x17, 0x68, 0x00, 0xFF, 0xFF, 0x38, 0x80, 0x13, 0x17, 0x0A, 0x00, 0xFF, 0xFF, 0x3B, 0x80,
        0x14, 0x17, 0x58, 0x00, 0xFF, 0xFF, 0x37, 0x80, 0x15, 0x17, 0x5D, 0x00, 0xFF, 0xFF, 0x37, 0x80,
        0x16, 0x17, 0x2A, 0x00, 0xFF, 0xFF, 0x3D, 0x80, 0x17, 0x17, 0x57, 0x00, 0xFF, 0xFF, 0x37, 0x80,
        0x18, 0x17, 0x13, 0x00, 0xFF, 0xFF, 0x3D, 0x80, 0x19, 0x17, 0xAC, 0x00, 0xFF, 0xFF, 0x38, 0x80,
        0x1A, 0x17, 0x59, 0x00, 0xFF, 0xFF, 0x3B, 0x80, 0x1B, 0x17, 0xD5, 0x01, 0xFF, 0xFF, 0x16, 0x80,
        0x1C, 0x17, 0xF1, 0x01, 0xFF, 0xFF, 0x37, 0x80, 0x1D, 0x17, 0x12, 0x00, 0xFF, 0xFF, 0x37, 0x80,
        0x1E, 0x17, 0xD4, 0x01, 0xFF, 0xFF, 0x1D, 0x80, 0x1F, 0x17, 0xFF, 0xFF, 0x61, 0x01, 0x00, 0x80,
        0x20, 0x17, 0xE0, 0x02, 0xFF, 0xFF, 0x00, 0x80, 0x21, 0x17, 0xFF, 0xFF, 0x62, 0x01, 0x00, 0x80,
        0x22, 0x17, 0xE1, 0x02, 0xFF, 0xFF, 0x00, 0x80, 0x23, 0x17, 0xFF, 0xFF, 0x63, 0x01, 0x00, 0x80,
        0x24, 0x17, 0xE2, 0x02, 0xFF, 0xFF, 0x00, 0x80, 0x25, 0x17, 0xFF, 0xFF, 0x64, 0x01, 0x00, 0x80,
        0x26, 0x17, 0xE3, 0x02, 0xFF, 0xFF, 0x00, 0x80, 0x27, 0x17, 0xFF, 0xFF, 0x65, 0x01, 0x00, 0x80,
        0x28, 0x17, 0xE4, 0x02, 0xFF, 0xFF, 0x00, 0x80, 0x29, 0x17, 0xF0, 0x00, 0xFF, 0xFF, 0x64, 0x80,
        0x2A, 0x17, 0xE5, 0x02, 0xFF, 0xFF, 0x00, 0x80, 0x2B, 0x17, 0xFF, 0xFF, 0x66, 0x01, 0x00, 0x80,
        0x2C, 0x17, 0x5A, 0x00, 0xFF, 0xFF, 0x38, 0x80, 0x2D, 0x17, 0x4F, 0x00, 0xFF, 0xFF, 0x38, 0x80,
        0x2E, 0x17, 0x65, 0x00, 0xFF, 0xFF, 0x38, 0x80, 0x2F, 0x17, 0x64, 0x00, 0xFF, 0xFF, 0x38, 0x80,
        0x30, 0x17, 0x21, 0x00, 0xFF, 0xFF, 0x37, 0x80, 0x31, 0x17, 0x0F, 0x00, 0xFF, 0xFF, 0x3B, 0x80,
        0x32, 0x17, 0x22, 0x00, 0xFF, 0xFF, 0x3E, 0x80, 0x33, 0x17, 0xD3, 0x01, 0xFF, 0xFF, 0x1E, 0x80,
        0x34, 0x17, 0x68, 0x00, 0xFF, 0xFF, 0x39, 0x80, 0x35, 0x17, 0x0A, 0x00, 0xFF, 0xFF, 0x3C, 0x80,
        0x36, 0x17, 0x58, 0x00, 0xFF, 0xFF, 0x38, 0x80, 0x37, 0x17, 0x5D, 0x00, 0xFF, 0xFF, 0x38, 0x80,
        0x38, 0x17, 0x2A, 0x00, 0xFF, 0xFF, 0x3E, 0x80, 0x39, 0x17, 0x57, 0x00, 0xFF, 0xFF, 0x38, 0x80,
        0x3A, 0x17, 0x13, 0x00, 0xFF, 0xFF, 0x3E, 0x80, 0x3B, 0x17, 0xAC, 0x00, 0xFF, 0xFF, 0x39, 0x80,
        0x3C, 0x17, 0x59, 0x00, 0xFF, 0xFF, 0x3C, 0x80, 0x3D, 0x17, 0xD5, 0x01, 0xFF, 0xFF, 0x17, 0x80,
        0x3E, 0x17, 0xF1, 0x01, 0xFF, 0xFF, 0x38, 0x80, 0x3F, 0x17, 0x12, 0x00, 0xFF, 0xFF, 0x38, 0x80,
        0x40, 0x17, 0xD4, 0x01, 0xFF, 0xFF, 0x1E, 0x80, 0x41, 0x17, 0xE6, 0x02, 0xFF, 0xFF, 0x00, 0x80,
        0x42, 0x17, 0xFF, 0xFF, 0x67, 0x01, 0x00, 0x80, 0x43, 0x17, 0x5A, 0x00, 0xFF, 0xFF, 0x39, 0x80,
        0x44, 0x17, 0x4F, 0x00, 0xFF, 0xFF, 0x39, 0x80, 0x45, 0x17, 0x65, 0x00, 0xFF, 0xFF, 0x39, 0x80,
        0x46, 0x17, 0x64, 0x00, 0xFF, 0xFF, 0x39, 0x80, 0x47, 0x17, 0x21, 0x00, 0xFF, 0xFF, 0x38, 0x80,
        0x48, 0x17, 0x0F, 0x00, 0xFF, 0xFF, 0x3C, 0x80, 0x49, 0x17, 0x22, 0x00, 0xFF, 0xFF, 0x3F, 0x80,
        0x4A, 0x17, 0xD3, 0x01, 0xFF, 0xFF, 0x1F, 0x80, 0x4B, 0x17, 0x68, 0x00, 0xFF, 0xFF, 0x3A, 0x80,
        0x4C, 0x17, 0x0A, 0x00, 0xFF, 0xFF, 0x3D, 0x80, 0x4D, 0x17, 0x58, 0x00, 0xFF, 0xFF, 0x39, 0x80,
        0x4E, 0x17, 0x5D, 0x00, 0xFF, 0xFF, 0x39, 0x80, 0x4F, 0x17, 0x2A, 0x00, 0xFF, 0xFF, 0x3F, 0x80,
        0x50, 0x17, 0x57, 0x00, 0xFF, 0xFF, 0x39, 0x80, 0x51, 0x17, 0xAC, 0x00, 0xFF, 0xFF, 0x3A, 0x80,
        0x52, 0x17, 0x59, 0x00, 0xFF, 0xFF, 0x3D, 0x80, 0x53, 0x17, 0xD5, 0x01, 0xFF, 0xFF, 0x18, 0x80,
        0x54, 0x17, 0xF1, 0x01, 0xFF, 0xFF, 0x39, 0x80, 0x55, 0x17, 0x12, 0x00, 0xFF, 0xFF, 0x39, 0x80,
        0x56, 0x17, 0xD4, 0x01, 0xFF, 0xFF, 0x1F, 0x80, 0x57, 0x17, 0x5A, 0x00, 0xFF, 0xFF, 0x3A, 0x80,
        0x58, 0x17, 0x4F, 0x00, 0xFF, 0xFF, 0x3A, 0x80, 0x59, 0x17, 0x65, 0x00, 0xFF, 0xFF, 0x3A, 0x80,
        0x5A, 0x17, 0x64, 0x00, 0xFF, 0xFF, 0x3A, 0x80, 0x5B, 0x17, 0x21, 0x00, 0xFF, 0xFF, 0x39, 0x80,
        0x5C, 0x17, 0x0F, 0x00, 0xFF, 0xFF, 0x3D, 0x80, 0x5D, 0x17, 0x22, 0x00, 0xFF, 0xFF, 0x40, 0x80,
        0x5E, 0x17, 0xD3, 0x01, 0xFF, 0xFF, 0x20, 0x80, 0x5F, 0x17, 0x68, 0x00, 0xFF, 0xFF, 0x3B, 0x80,
        0x60, 0x17, 0x0A, 0x00, 0xFF, 0xFF, 0x3E, 0x80, 0x61, 0x17, 0x58, 0x00, 0xFF, 0xFF, 0x3A, 0x80,
        0x62, 0x17, 0x5D, 0x00, 0xFF, 0xFF, 0x3A, 0x80, 0x63, 0x17, 0x2A, 0x00, 0xFF, 0xFF, 0x40, 0x80,
        0x64, 0x17, 0x57, 0x00, 0xFF, 0xFF, 0x3A, 0x80, 0x65, 0x17, 0x13, 0x00, 0xFF, 0xFF, 0x3F, 0x80,
        0x66, 0x17, 0xAC, 0x00, 0xFF, 0xFF, 0x3B, 0x80, 0x67, 0x17, 0x59, 0x00, 0xFF, 0xFF, 0x3E, 0x80,
        0x68, 0x17, 0xD5, 0x01, 0xFF, 0xFF, 0x19, 0x80, 0x69, 0x17, 0xF1, 0x01, 0xFF, 0xFF, 0x3A, 0x80,
        0x6A, 0x17, 0x12, 0x00, 0xFF, 0xFF, 0x3A, 0x80, 0x6B, 0x17, 0xD4, 0x01, 0xFF, 0xFF, 0x20, 0x80,
        0x6C, 0x17, 0xE7, 0x02, 0xFF, 0xFF, 0x00, 0x80, 0x6D, 0x17, 0xFF, 0xFF, 0x68, 0x01, 0x00, 0x80,
        0x6E, 0x17, 0x5A, 0x00, 0xFF, 0xFF, 0x3B, 0x80, 0x6F, 0x17, 0x4F, 0x00, 0xFF, 0xFF, 0x3B, 0x80,
        0x70, 0x17, 0x65, 0x00, 0xFF, 0xFF, 0x3B, 0x80, 0x71, 0x17, 0x64, 0x00, 0xFF, 0xFF, 0x3B, 0x80,
        0x72, 0x17, 0x21, 0x00, 0xFF, 0xFF, 0x3A, 0x80, 0x73, 0x17, 0x0F, 0x00, 0xFF, 0xFF, 0x3E, 0x80,
        0x74, 0x17, 0x22, 0x00, 0xFF, 0xFF, 0x41, 0x80, 0x75, 0x17, 0xD3, 0x01, 0xFF, 0xFF, 0x21, 0x80,
        0x76, 0x17, 0x68, 0x00, 0xFF, 0xFF, 0x3C, 0x80, 0x77, 0x17, 0x0A, 0x00, 0xFF, 0xFF, 0x3F, 0x80,
        0x78, 0x17, 0x58, 0x00, 0xFF, 0xFF, 0x3B, 0x80, 0x79, 0x17, 0x5D, 0x00, 0xFF, 0xFF, 0x3B, 0x80,
        0x7A, 0x17, 0x2A, 0x00, 0xFF, 0xFF, 0x41, 0x80, 0x7B, 0x17, 0x57, 0x00, 0xFF, 0xFF, 0x3B, 0x80,
        0x7C, 0x17, 0x13, 0x00, 0xFF, 0xFF, 0x40, 0x80, 0x7D, 0x17, 0xAC, 0x00, 0xFF, 0xFF, 0x3C, 0x80,
        0x7E, 0x17, 0x59, 0x00, 0xFF, 0xFF, 0x3F, 0x80, 0x7F, 0x17, 0xD5, 0x01, 0xFF, 0xFF, 0x1A, 0x80,
        0x80, 0x17, 0xF1, 0x01, 0xFF, 0xFF, 0x3B, 0x80, 0x81, 0x17, 0x12, 0x00, 0xFF, 0xFF, 0x3B, 0x80,
        0x82, 0x17, 0xD4, 0x01, 0xFF, 0xFF, 0x21, 0x80, 0x83, 0x17, 0xE8, 0x02, 0xFF, 0xFF, 0x00, 0x80,
        0x84, 0x17, 0xFF, 0xFF, 0x69, 0x01, 0x00, 0x80, 0x85, 0x17, 0x5A, 0x00, 0xFF, 0xFF, 0x3C, 0x80,
        0x86, 0x17, 0x4F, 0x00, 0xFF, 0xFF, 0x3C, 0x80, 0x87, 0x17, 0x65, 0x00, 0xFF, 0xFF, 0x3C, 0x80,
        0x88, 0x17, 0x64, 0x00, 0xFF, 0xFF, 0x3C, 0x80, 0x89, 0x17, 0x21, 0x00, 0xFF, 0xFF, 0x3B, 0x80,
        0x8A, 0x17, 0x0F, 0x00, 0xFF, 0xFF, 0x3F, 0x80, 0x8B, 0x17, 0x22, 0x00, 0xFF, 0xFF, 0x42, 0x80,
        0x8C, 0x17, 0xD3, 0x01, 0xFF, 0xFF, 0x22, 0x80, 0x8D, 0x17, 0x68, 0x00, 0xFF, 0xFF, 0x3D, 0x80,
        0x8E, 0x17, 0x0A, 0x00, 0xFF, 0xFF, 0x40, 0x80, 0x8F, 0x17, 0x58, 0x00, 0xFF, 0xFF, 0x3C, 0x80,
        0x90, 0x17, 0x5D, 0x00, 0xFF, 0xFF, 0x3C, 0x80, 0x91, 0x17, 0x2A, 0x00, 0xFF, 0xFF, 0x42, 0x80,
        0x92, 0x17, 0x57, 0x00, 0xFF, 0xFF, 0x3C, 0x80, 0x93, 0x17, 0x13, 0x00, 0xFF, 0xFF, 0x41, 0x80,
        0x94, 0x17, 0xAC, 0x00, 0xFF, 0xFF, 0x3D, 0x80, 0x95, 0x17, 0x59, 0x00, 0xFF, 0xFF, 0x40, 0x80,
        0x96, 0x17, 0xD5, 0x01, 0xFF, 0xFF, 0x1B, 0x80, 0x97, 0x17, 0xF1, 0x01, 0xFF, 0xFF, 0x3C, 0x80,
        0x98, 0x17, 0x12, 0x00, 0xFF, 0xFF, 0x3C, 0x80, 0x99, 0x17, 0xD4, 0x01, 0xFF, 0xFF, 0x22, 0x80,
        0x9A, 0x17, 0xE9, 0x02, 0xFF, 0xFF, 0x00, 0x80, 0x9B, 0x17, 0xFF, 0xFF, 0x6A, 0x01, 0x00, 0x80,
        0x9C, 0x17, 0x5A, 0x00, 0xFF, 0xFF, 0x3D, 0x80, 0x9D, 0x17, 0x4F, 0x00, 0xFF, 0xFF, 0x3D, 0x80,
        0x9E, 0x17, 0x65, 0x00, 0xFF, 0xFF, 0x3D, 0x80, 0x9F, 0x17, 0x64, 0x00, 0xFF, 0xFF, 0x3D, 0x80,
        0xA0, 0x17, 0x21, 0x00, 0xFF, 0xFF, 0x3C, 0x80, 0xA1, 0x17, 0x0F, 0x00, 0xFF, 0xFF, 0x40, 0x80,
        0xA2, 0x17, 0x22, 0x00, 0xFF, 0xFF, 0x43, 0x80, 0xA3, 0x17, 0xD3, 0x01, 0xFF, 0xFF, 0x23, 0x80,
        0xA4, 0x17, 0x68, 0x00, 0xFF, 0xFF, 0x3E, 0x80, 0xA5, 0x17, 0x0A, 0x00, 0xFF, 0xFF, 0x41, 0x80,
        0xA6, 0x17, 0x58, 0x00, 0xFF, 0xFF, 0x3D, 0x80, 0xA7, 0x17, 0x5D, 0x00, 0xFF, 0xFF, 0x3D, 0x80,
        0xA8, 0x17, 0x2A, 0x00, 0xFF, 0xFF, 0x43, 0x80, 0xA9, 0x17, 0x57, 0x00, 0xFF, 0xFF, 0x3D, 0x80,
        0xAA, 0x17, 0x13, 0x00, 0xFF, 0xFF, 0x42, 0x80, 0xAB, 0x17, 0xAC, 0x00, 0xFF, 0xFF, 0x3E, 0x80,
        0xAC, 0x17, 0x59, 0x00, 0xFF, 0xFF, 0x41, 0x80, 0xAD, 0x17, 0xD5, 0x01, 0xFF, 0xFF, 0x1C, 0x80,
        0xAE, 0x17, 0xF1, 0x01, 0xFF, 0xFF, 0x3D, 0x80, 0xAF, 0x17, 0x12, 0x00, 0xFF, 0xFF, 0x3D, 0x80,
        0xB0, 0x17, 0xD4, 0x01, 0xFF, 0xFF, 0x23, 0x80, 0xB1, 0x17, 0xEA, 0x02, 0xFF, 0xFF, 0x00, 0x80,
        0xB2, 0x17, 0xFF, 0xFF, 0x6B, 0x01, 0x00, 0x80, 0xB3, 0x17, 0x5A, 0x00, 0xFF, 0xFF, 0x3E, 0x80,
        0xB4, 0x17, 0x4F, 0x00, 0xFF, 0xFF, 0x3E, 0x80, 0xB5, 0x17, 0x65, 0x00, 0xFF, 0xFF, 0x3E, 0x80,
        0xB6, 0x17, 0x64, 0x00, 0xFF, 0xFF, 0x3E, 0x80, 0xB7, 0x17, 0x21, 0x00, 0xFF, 0xFF, 0x3D, 0x80,
        0xB8, 0x17, 0x0F, 0x00, 0xFF, 0xFF, 0x41, 0x80, 0xB9, 0x17, 0x22, 0x00, 0xFF, 0xFF, 0x44, 0x80,
        0xBA, 0x17, 0xD3, 0x01, 0xFF, 0xFF, 0x24, 0x80, 0xBB, 0x17, 0x68, 0x00, 0xFF, 0xFF, 0x3F, 0x80,
        0xBC, 0x17, 0x0A, 0x00, 0xFF, 0xFF, 0x42, 0x80, 0xBD, 0x17, 0x58, 0x00, 0xFF, 0xFF, 0x3E, 0x80,
        0xBE, 0x17, 0x5D, 0x00, 0xFF, 0xFF, 0x3E, 0x80, 0xBF, 0x17, 0x2A, 0x00, 0xFF, 0xFF, 0x44, 0x80,
        0xC0, 0x17, 0x57, 0x00, 0xFF, 0xFF, 0x3E, 0x80, 0xC1, 0x17, 0x13, 0x00, 0xFF, 0xFF, 0x43, 0x80,
        0xC2, 0x17, 0xAC, 0x00, 0xFF, 0xFF, 0x3F, 0x80, 0xC3, 0x17, 0x59, 0x00, 0xFF, 0xFF, 0x42, 0x80,
        0xC4, 0x17, 0xD5, 0x01, 0xFF, 0xFF, 0x1D, 0x80, 0xC5, 0x17, 0xF1, 0x01, 0xFF, 0xFF, 0x3E, 0x80,
        0xC6, 0x17, 0x12, 0x00, 0xFF, 0xFF, 0x3E, 0x80, 0xC7, 0x17, 0xD4, 0x01, 0xFF, 0xFF, 0x24, 0x80,
        0xC8, 0x17, 0xEB, 0x02, 0xFF, 0xFF, 0x00, 0x80, 0xC9, 0x17, 0xFF, 0xFF, 0x6C, 0x01, 0x00, 0x80,
        0xCA, 0x17, 0x5A, 0x00, 0xFF, 0xFF, 0x3F, 0x80, 0xCB, 0x17, 0x4F, 0x00, 0xFF, 0xFF, 0x3F, 0x80,
        0xCC, 0x17, 0x65, 0x00, 0xFF, 0xFF, 0x3F, 0x80, 0xCD, 0x17, 0x64, 0x00, 0xFF, 0xFF, 0x3F, 0x80,
        0xCE, 0x17, 0x21, 0x00, 0xFF, 0xFF, 0x3E, 0x80, 0xCF, 0x17, 0x0F, 0x00, 0xFF, 0xFF, 0x42, 0x80,
        0xD0, 0x17, 0x22, 0x00, 0xFF, 0xFF, 0x45, 0x80, 0xD1, 0x17, 0x68, 0x00, 0xFF, 0xFF, 0x40, 0x80,
        0xD2, 0x17, 0x0A, 0x00, 0xFF, 0xFF, 0x43, 0x80, 0xD3, 0x17, 0x58, 0x00, 0xFF, 0xFF, 0x3F, 0x80,
        0xD4, 0x17, 0x5D, 0x00, 0xFF, 0xFF, 0x3F, 0x80, 0xD5, 0x17, 0x2A, 0x00, 0xFF, 0xFF, 0x45, 0x80,
        0xD6, 0x17, 0x57, 0x00, 0xFF, 0xFF, 0x3F, 0x80, 0xD7, 0x17, 0x13, 0x00, 0xFF, 0xFF, 0x44, 0x80,
        0xD8, 0x17, 0xAC, 0x00, 0xFF, 0xFF, 0x40, 0x80, 0xD9, 0x17, 0x59, 0x00, 0xFF, 0xFF, 0x43, 0x80,
        0xDA, 0x17, 0xD5, 0x01, 0xFF, 0xFF, 0x1E, 0x80, 0xDB, 0x17, 0xF1, 0x01, 0xFF, 0xFF, 0x3F, 0x80,
        0xDC, 0x17, 0x12, 0x00, 0xFF, 0xFF, 0x3F, 0x80, 0xDD, 0x17, 0xEC, 0x02, 0xFF, 0xFF, 0x00, 0x80,
        0xDE, 0x17, 0xFF, 0xFF, 0x6D, 0x01, 0x00, 0x80, 0xDF, 0x17, 0x5A, 0x00, 0xFF, 0xFF, 0x40, 0x80,
        0xE0, 0x17, 0x4F, 0x00, 0xFF, 0xFF, 0x40, 0x80, 0xE1, 0x17, 0x65, 0x00, 0xFF, 0xFF, 0x40, 0x80,
        0xE2, 0x17, 0x64, 0x00, 0xFF, 0xFF, 0x40, 0x80, 0xE3, 0x17, 0x21, 0x00, 0xFF, 0xFF, 0x3F, 0x80,
        0xE4, 0x17, 0x0F, 0x00, 0xFF, 0xFF, 0x43, 0x80, 0xE5, 0x17, 0x22, 0x00, 0xFF, 0xFF, 0x46, 0x80,
        0xE6, 0x17, 0xD3, 0x01, 0xFF, 0xFF, 0x25, 0x80, 0xE7, 0x17, 0x68, 0x00, 0xFF, 0xFF, 0x41, 0x80,
        0xE8, 0x17, 0x0A, 0x00, 0xFF, 0xFF, 0x44, 0x80, 0xE9, 0x17, 0x58, 0x00, 0xFF, 0xFF, 0x40, 0x80,
        0xEA, 0x17, 0x5D, 0x00, 0xFF, 0xFF, 0x40, 0x80, 0xEB, 0x17, 0x2A, 0x00, 0xFF, 0xFF, 0x46, 0x80,
        0xEC, 0x17, 0x57, 0x00, 0xFF, 0xFF, 0x40, 0x80, 0xED, 0x17, 0x13, 0x00, 0xFF, 0xFF, 0x45, 0x80,
        0xEE, 0x17, 0xAC, 0x00, 0xFF, 0xFF, 0x41, 0x80, 0xEF, 0x17, 0x59, 0x00, 0xFF, 0xFF, 0x44, 0x80,
        0xF0, 0x17, 0xD5, 0x01, 0xFF, 0xFF, 0x1F, 0x80, 0xF1, 0x17, 0xF1, 0x01, 0xFF, 0xFF, 0x40, 0x80,
        0xF2, 0x17, 0x12, 0x00, 0xFF, 0xFF, 0x40, 0x80, 0xF3, 0x17, 0xD4, 0x01, 0xFF, 0xFF, 0x25, 0x80,
        0xF4, 0x17, 0xED, 0x02, 0xFF, 0xFF, 0x00, 0x80, 0xF5, 0x17, 0xFF, 0xFF, 0x6E, 0x01, 0x00, 0x80,
        0xF6, 0x17, 0xEE, 0x02, 0xFF, 0xFF, 0x00, 0x80, 0x00, 0x18, 0x8B, 0x00, 0xFF, 0xFF, 0x62, 0x80,
        0x01, 0x18, 0x8B, 0x00, 0xFF, 0xFF, 0x63, 0x80, 0x02, 0x18, 0x8B, 0x00, 0xFF, 0xFF, 0x64, 0x80,
        0x03, 0x18, 0xF1, 0x02, 0xFF, 0xFF, 0x00, 0x80
    ];

    /// <summary>
    /// Looks up an item's placement fields. Returns false for an item that places nothing, which is the
    /// overwhelming majority of the item table.
    /// </summary>
    public static bool TryGet(ItemTypeId type, out VanillaItemPlacementRecord1458 record)
    {
        record = default;
        int id = type.Value;
        if ((uint)id > ushort.MaxValue)
            return false;

        ReadOnlySpan<byte> records = Records;
        int low = 0;
        int high = (records.Length / RecordBytes) - 1;
        while (low <= high)
        {
            int middle = (low + high) >> 1;
            int offset = middle * RecordBytes;
            int candidate = records[offset] | (records[offset + 1] << 8);
            if (candidate == id)
            {
                short createTile = (short)(records[offset + 2] | (records[offset + 3] << 8));
                short createWall = (short)(records[offset + 4] | (records[offset + 5] << 8));
                int packedStyle = records[offset + 6] | (records[offset + 7] << 8);
                record = new VanillaItemPlacementRecord1458(
                    createTile,
                    createWall,
                    (short)(packedStyle & 0x7FFF),
                    (packedStyle & 0x8000) != 0);
                return true;
            }

            if (candidate < id)
                low = middle + 1;
            else
                high = middle - 1;
        }

        return false;
    }
}

/// <summary>
/// One item's placement fields as the source defines them. <c>-1</c> in either identity means the item does not
/// place that kind.
/// </summary>
public readonly record struct VanillaItemPlacementRecord1458(
    short CreateTile,
    short CreateWall,
    short PlaceStyle,
    bool Consumable)
{
    public bool PlacesTile => CreateTile >= 0;

    public bool PlacesWall => CreateWall >= 0;
}
